2014-11-16 00:00, 12.977, 0.000, 13.935, 11.552
2014-11-16 00:01, 12.977, 0.000, 13.935, 11.552
2014-11-16 00:02, 12.977, 0.000, 13.935, 11.552
2014-11-16 00:03, 12.977, 0.000, 13.935, 11.552
2014-11-16 00:04, 12.977, 0.000, 13.935, 11.552
2014-11-16 00:05, 12.977, 0.000, 13.935, 11.552
2014-11-16 00:06, 12.977, 0.000, 13.935, 11.552
2014-11-16 00:07, 12.977, 0.000, 13.935, 11.552
2014-11-16 00:08, 12.977, 0.000, 13.935, 11.552
2014-11-16 00:09, 12.977, 0.000, 13.935, 11.552
2014-11-16 00:10, 12.977, 0.000, 13.935, 11.552
2014-11-16 00:11, 12.977, 0.000, 13.935, 11.552
2014-11-16 00:12, 12.977, 0.000, 13.935, 11.552
2014-11-16 00:13, 12.977, 0.000, 13.935, 11.552
2014-11-16 00:14, 12.977, 0.000, 13.935, 11.552
2014-11-16 00:15, 12.977, 0.000, 13.935, 11.552
2014-11-16 00:16, 12.977, 0.000, 13.935, 11.552
2014-11-16 00:17, 12.977, 0.000, 13.935, 11.552
2014-11-16 00:18, 12.977, 0.000, 13.935, 11.552
2014-11-16 00:19, 12.977, 0.000, 13.935, 11.552
2014-11-16 00:20, 12.977, 0.000, 13.935, 11.552
2014-11-16 00:21, 12.977, 0.000, 13.935, 11.552
2014-11-16 00:22, 12.977, 0.000, 13.935, 11.552
2014-11-16 00:23, 12.977, 0.000, 13.935, 11.552
2014-11-16 00:24, 12.977, 0.000, 13.935, 11.552
2014-11-16 00:25, 12.977, 0.000, 13.935, 11.552
2014-11-16 00:26, 12.977, 0.000, 13.935, 11.552
2014-11-16 00:27, 12.977, 0.000, 13.935, 11.552
2014-11-16 00:28, 12.977, 0.000, 13.935, 11.552
2014-11-16 00:29, 12.977, 0.000, 13.935, 11.552
2014-11-16 00:30, 12.977, 0.000, 13.935, 11.552
2014-11-16 00:31, 12.977, 0.000, 13.935, 11.552
2014-11-16 00:32, 12.977, 0.000, 13.935, 11.552
2014-11-16 00:33, 12.977, 0.000, 13.935, 11.535
2014-11-16 00:34, 12.977, 0.000, 13.935, 11.535
2014-11-16 00:35, 12.977, 0.000, 13.935, 11.535
2014-11-16 00:36, 12.977, 0.000, 13.935, 11.535
2014-11-16 00:37, 12.977, 0.000, 13.935, 11.535
2014-11-16 00:38, 12.977, 0.000, 13.935, 11.535
2014-11-16 00:39, 12.977, 0.000, 13.935, 11.535
2014-11-16 00:40, 12.977, 0.000, 13.935, 11.535
2014-11-16 00:41, 12.977, 0.000, 13.935, 11.535
2014-11-16 00:42, 12.977, 0.000, 13.935, 11.535
2014-11-16 00:43, 12.977, 0.000, 13.935, 11.535
2014-11-16 00:44, 12.977, 0.000, 13.935, 11.535
2014-11-16 00:45, 12.977, 0.000, 13.935, 11.535
2014-11-16 00:46, 12.977, 0.000, 13.935, 11.535
2014-11-16 00:47, 12.977, 0.000, 13.935, 11.535
2014-11-16 00:48, 12.977, 0.000, 13.935, 11.535
2014-11-16 00:49, 12.977, 0.000, 13.935, 11.535
2014-11-16 00:50, 12.960, 0.000, 13.935, 11.535
2014-11-16 00:51, 12.977, 0.000, 13.935, 11.535
2014-11-16 00:52, 12.977, 0.000, 13.935, 11.535
2014-11-16 00:53, 12.977, 0.000, 13.935, 11.535
2014-11-16 00:54, 12.960, 0.000, 13.935, 11.535
2014-11-16 00:55, 12.960, 0.000, 13.935, 11.535
2014-11-16 00:56, 12.960, 0.000, 13.935, 11.535
2014-11-16 00:57, 12.960, 0.000, 13.935, 11.535
2014-11-16 00:58, 12.960, 0.000, 13.935, 11.535
2014-11-16 00:59, 12.960, 0.000, 13.935, 11.535
2014-11-16 01:00, 12.960, 0.000, 13.935, 11.535
2014-11-16 01:01, 12.960, 0.000, 13.935, 11.535
2014-11-16 01:02, 12.960, 0.000, 13.935, 11.535
2014-11-16 01:03, 12.960, 0.000, 13.935, 11.535
2014-11-16 01:04, 12.960, 0.000, 13.935, 11.535
2014-11-16 01:05, 12.960, 0.000, 13.935, 11.535
2014-11-16 01:06, 12.960, 0.000, 13.935, 11.535
2014-11-16 01:07, 12.960, 0.000, 13.935, 11.535
2014-11-16 01:08, 12.960, 0.000, 13.935, 11.535
2014-11-16 01:09, 12.960, 0.000, 13.935, 11.535
2014-11-16 01:10, 12.960, 0.000, 13.935, 11.535
2014-11-16 01:11, 12.960, 0.000, 13.935, 11.535
2014-11-16 01:12, 12.960, 0.000, 13.935, 11.535
2014-11-16 01:13, 12.960, 0.000, 13.935, 11.535
2014-11-16 01:14, 12.960, 0.000, 13.935, 11.535
2014-11-16 01:15, 12.960, 0.000, 13.935, 11.535
2014-11-16 01:16, 12.960, 0.000, 13.935, 11.535
2014-11-16 01:17, 12.960, 0.000, 13.935, 11.535
2014-11-16 01:18, 12.960, 0.000, 13.935, 11.535
2014-11-16 01:19, 12.960, 0.000, 13.935, 11.535
2014-11-16 01:20, 12.960, 0.000, 13.935, 11.535
2014-11-16 01:21, 12.960, 0.000, 13.935, 11.535
2014-11-16 01:22, 12.960, 0.000, 13.935, 11.535
2014-11-16 01:23, 12.960, 0.000, 13.935, 11.535
2014-11-16 01:24, 12.960, 0.000, 13.935, 11.535
2014-11-16 01:25, 12.960, 0.000, 13.935, 11.535
2014-11-16 01:26, 12.960, 0.000, 13.935, 11.535
2014-11-16 01:27, 12.960, 0.000, 13.935, 11.535
2014-11-16 01:28, 12.960, 0.000, 13.935, 11.535
2014-11-16 01:29, 12.960, 0.000, 13.935, 11.535
2014-11-16 01:30, 12.960, 0.000, 13.935, 11.535
2014-11-16 01:31, 12.960, 0.000, 13.935, 11.535
2014-11-16 01:32, 12.960, 0.000, 13.935, 11.535
2014-11-16 01:33, 12.960, 0.000, 13.935, 11.535
2014-11-16 01:34, 12.960, 0.000, 13.935, 11.535
2014-11-16 01:35, 12.960, 0.000, 13.935, 11.535
2014-11-16 01:36, 12.960, 0.000, 13.935, 11.535
2014-11-16 01:37, 12.960, 0.000, 13.935, 11.535
2014-11-16 01:38, 12.960, 0.000, 13.935, 11.535
2014-11-16 01:39, 12.960, 0.000, 13.935, 11.535
2014-11-16 01:40, 12.960, 0.000, 13.935, 11.535
2014-11-16 01:41, 12.960, 0.000, 13.935, 11.535
2014-11-16 01:42, 12.960, 0.000, 13.935, 11.535
2014-11-16 01:43, 12.960, 0.000, 13.935, 11.535
2014-11-16 01:44, 12.960, 0.000, 13.935, 11.535
2014-11-16 01:45, 12.960, 0.000, 13.935, 11.535
2014-11-16 01:46, 12.960, 0.000, 13.935, 11.535
2014-11-16 01:47, 12.960, 0.000, 13.935, 11.535
2014-11-16 01:48, 12.960, 0.000, 13.935, 11.535
2014-11-16 01:49, 12.960, 0.000, 13.935, 11.535
2014-11-16 01:50, 12.960, 0.000, 13.935, 11.535
2014-11-16 01:51, 12.960, 0.000, 13.935, 11.535
2014-11-16 01:52, 12.960, 0.000, 13.935, 11.535
2014-11-16 01:53, 12.960, 0.000, 13.935, 11.535
2014-11-16 01:54, 12.960, 0.000, 13.935, 11.535
2014-11-16 01:55, 12.960, 0.000, 13.935, 11.535
2014-11-16 01:56, 12.960, 0.000, 13.935, 11.535
2014-11-16 01:57, 12.960, 0.000, 13.935, 11.535
2014-11-16 01:58, 12.960, 0.000, 13.935, 11.535
2014-11-16 01:59, 12.960, 0.000, 13.935, 11.535
2014-11-16 02:00, 13.145, 0.000, 13.129, 11.535
2014-11-16 02:01, 13.296, 0.000, 13.297, 11.535
2014-11-16 02:02, 13.346, 0.000, 13.347, 11.535
2014-11-16 02:03, 13.414, 0.000, 13.414, 11.535
2014-11-16 02:04, 13.447, 0.000, 13.448, 11.535
2014-11-16 02:05, 13.481, 0.000, 13.465, 11.535
2014-11-16 02:06, 13.514, 0.000, 13.515, 11.535
2014-11-16 02:07, 13.531, 0.000, 13.532, 11.535
2014-11-16 02:08, 13.548, 0.000, 13.549, 11.535
2014-11-16 02:09, 13.582, 0.000, 13.582, 11.535
2014-11-16 02:10, 13.598, 0.000, 13.599, 11.535
2014-11-16 02:11, 13.615, 0.000, 13.616, 11.535
2014-11-16 02:12, 13.649, 0.000, 13.650, 11.535
2014-11-16 02:13, 13.665, 0.000, 13.666, 11.535
2014-11-16 02:14, 13.682, 0.000, 13.683, 11.535
2014-11-16 02:15, 13.682, 0.000, 13.683, 11.535
2014-11-16 02:16, 13.699, 0.000, 13.700, 11.535
2014-11-16 02:17, 13.716, 0.000, 13.717, 11.535
2014-11-16 02:18, 13.716, 0.000, 13.717, 11.535
2014-11-16 02:19, 13.733, 0.000, 13.734, 11.535
2014-11-16 02:20, 13.733, 0.000, 13.734, 11.535
2014-11-16 02:21, 13.749, 0.000, 13.750, 11.535
2014-11-16 02:22, 13.749, 0.000, 13.750, 11.535
2014-11-16 02:23, 13.766, 0.000, 13.767, 11.535
2014-11-16 02:24, 13.766, 0.000, 13.767, 11.535
2014-11-16 02:25, 13.766, 0.000, 13.767, 11.535
2014-11-16 02:26, 13.766, 0.000, 13.767, 11.535
2014-11-16 02:27, 13.783, 0.000, 13.784, 11.535
2014-11-16 02:28, 13.783, 0.000, 13.784, 11.535
2014-11-16 02:29, 13.783, 0.000, 13.784, 11.535
2014-11-16 02:30, 13.783, 0.000, 13.784, 11.535
2014-11-16 02:31, 13.783, 0.000, 13.784, 11.535
2014-11-16 02:32, 13.783, 0.000, 13.784, 11.535
2014-11-16 02:33, 13.800, 0.000, 13.784, 11.535
2014-11-16 02:34, 13.800, 0.000, 13.784, 11.535
2014-11-16 02:35, 13.800, 0.000, 13.801, 11.535
2014-11-16 02:36, 13.800, 0.000, 13.801, 11.535
2014-11-16 02:37, 13.800, 0.000, 13.801, 11.535
2014-11-16 02:38, 13.800, 0.000, 13.801, 11.535
2014-11-16 02:39, 13.800, 0.000, 13.801, 11.535
2014-11-16 02:40, 13.800, 0.000, 13.801, 11.535
2014-11-16 02:41, 13.800, 0.000, 13.801, 11.535
2014-11-16 02:42, 13.800, 0.000, 13.801, 11.535
2014-11-16 02:43, 13.800, 0.000, 13.801, 11.535
2014-11-16 02:44, 13.800, 0.000, 13.801, 11.535
2014-11-16 02:45, 13.800, 0.000, 13.801, 11.535
2014-11-16 02:46, 13.800, 0.000, 13.801, 11.535
2014-11-16 02:47, 13.800, 0.000, 13.801, 11.535
2014-11-16 02:48, 13.817, 0.000, 13.801, 11.535
2014-11-16 02:49, 13.817, 0.000, 13.801, 11.535
2014-11-16 02:50, 13.817, 0.000, 13.801, 11.535
2014-11-16 02:51, 13.817, 0.000, 13.801, 11.535
2014-11-16 02:52, 13.817, 0.000, 13.801, 11.535
2014-11-16 02:53, 13.817, 0.000, 13.801, 11.535
2014-11-16 02:54, 13.817, 0.000, 13.801, 11.535
2014-11-16 02:55, 13.817, 0.000, 13.801, 11.535
2014-11-16 02:56, 13.817, 0.000, 13.801, 11.535
2014-11-16 02:57, 13.817, 0.000, 13.801, 11.535
2014-11-16 02:58, 13.817, 0.000, 13.818, 11.535
2014-11-16 02:59, 13.817, 0.000, 13.801, 11.535
2014-11-16 03:00, 13.817, 0.000, 13.818, 11.535
2014-11-16 03:01, 13.817, 0.000, 13.818, 11.535
2014-11-16 03:02, 13.817, 0.000, 13.818, 11.535
2014-11-16 03:03, 13.817, 0.000, 13.818, 11.535
2014-11-16 03:04, 13.817, 0.000, 13.818, 11.535
2014-11-16 03:05, 13.817, 0.000, 13.818, 11.535
2014-11-16 03:06, 13.817, 0.000, 13.818, 11.535
2014-11-16 03:07, 13.817, 0.000, 13.818, 11.535
2014-11-16 03:08, 13.817, 0.000, 13.818, 11.535
2014-11-16 03:09, 13.817, 0.000, 13.818, 11.535
2014-11-16 03:10, 13.817, 0.000, 13.818, 11.535
2014-11-16 03:11, 13.817, 0.000, 13.818, 11.535
2014-11-16 03:12, 13.817, 0.000, 13.818, 11.535
2014-11-16 03:13, 13.817, 0.000, 13.818, 11.535
2014-11-16 03:14, 13.817, 0.000, 13.818, 11.535
2014-11-16 03:15, 13.817, 0.000, 13.818, 11.535
2014-11-16 03:16, 13.817, 0.000, 13.818, 11.535
2014-11-16 03:17, 13.817, 0.000, 13.818, 11.535
2014-11-16 03:18, 13.817, 0.000, 13.818, 11.535
2014-11-16 03:19, 13.817, 0.000, 13.818, 11.535
2014-11-16 03:20, 13.817, 0.000, 13.818, 11.535
2014-11-16 03:21, 13.817, 0.000, 13.818, 11.535
2014-11-16 03:22, 13.817, 0.000, 13.818, 11.535
2014-11-16 03:23, 13.817, 0.000, 13.818, 11.535
2014-11-16 03:24, 13.817, 0.000, 13.818, 11.535
2014-11-16 03:25, 13.817, 0.000, 13.818, 11.535
2014-11-16 03:26, 13.817, 0.000, 13.818, 11.535
2014-11-16 03:27, 13.817, 0.000, 13.818, 11.535
2014-11-16 03:28, 13.817, 0.000, 13.818, 11.535
2014-11-16 03:29, 13.817, 0.000, 13.818, 11.535
2014-11-16 03:30, 13.817, 0.000, 13.818, 11.535
2014-11-16 03:31, 13.817, 0.000, 13.818, 11.535
2014-11-16 03:32, 13.817, 0.000, 13.818, 11.535
2014-11-16 03:33, 13.817, 0.000, 13.818, 11.535
2014-11-16 03:34, 13.817, 0.000, 13.818, 11.535
2014-11-16 03:35, 13.817, 0.000, 13.818, 11.535
2014-11-16 03:36, 13.817, 0.000, 13.818, 11.535
2014-11-16 03:37, 13.817, 0.000, 13.818, 11.535
2014-11-16 03:38, 13.817, 0.000, 13.818, 11.535
2014-11-16 03:39, 13.817, 0.000, 13.818, 11.535
2014-11-16 03:40, 13.817, 0.000, 13.818, 11.535
2014-11-16 03:41, 13.817, 0.000, 13.818, 11.535
2014-11-16 03:42, 13.817, 0.000, 13.818, 11.535
2014-11-16 03:43, 13.817, 0.000, 13.818, 11.535
2014-11-16 03:44, 13.817, 0.000, 13.818, 11.535
2014-11-16 03:45, 13.817, 0.000, 13.818, 11.535
2014-11-16 03:46, 13.817, 0.000, 13.818, 11.535
2014-11-16 03:47, 13.817, 0.000, 13.818, 11.535
2014-11-16 03:48, 13.817, 0.000, 13.818, 11.535
2014-11-16 03:49, 13.817, 0.000, 13.818, 11.535
2014-11-16 03:50, 13.817, 0.000, 13.818, 11.535
2014-11-16 03:51, 13.817, 0.000, 13.818, 11.535
2014-11-16 03:52, 13.817, 0.000, 13.818, 11.535
2014-11-16 03:53, 13.817, 0.000, 13.818, 11.535
2014-11-16 03:54, 13.817, 0.000, 13.818, 11.535
2014-11-16 03:55, 13.817, 0.000, 13.818, 11.535
2014-11-16 03:56, 13.817, 0.000, 13.818, 11.535
2014-11-16 03:57, 13.817, 0.000, 13.818, 11.535
2014-11-16 03:58, 13.817, 0.000, 13.818, 11.535
2014-11-16 03:59, 13.817, 0.000, 13.818, 11.535
2014-11-16 04:00, 13.817, 0.000, 13.818, 11.535
2014-11-16 04:01, 13.817, 0.000, 13.818, 11.535
2014-11-16 04:02, 13.817, 0.000, 13.818, 11.535
2014-11-16 04:03, 13.817, 0.000, 13.818, 11.535
2014-11-16 04:04, 13.817, 0.000, 13.818, 11.535
2014-11-16 04:05, 13.817, 0.000, 13.818, 11.535
2014-11-16 04:06, 13.817, 0.000, 13.818, 11.535
2014-11-16 04:07, 13.817, 0.000, 13.818, 11.535
2014-11-16 04:08, 13.817, 0.000, 13.818, 11.535
2014-11-16 04:09, 13.817, 0.000, 13.818, 11.535
2014-11-16 04:10, 13.817, 0.000, 13.818, 11.535
2014-11-16 04:11, 13.817, 0.000, 13.818, 11.535
2014-11-16 04:12, 13.817, 0.000, 13.818, 11.535
2014-11-16 04:13, 13.817, 0.000, 13.818, 11.535
2014-11-16 04:14, 13.817, 0.000, 13.818, 11.535
2014-11-16 04:15, 13.817, 0.000, 13.818, 11.535
2014-11-16 04:16, 13.817, 0.000, 13.818, 11.535
2014-11-16 04:17, 13.817, 0.000, 13.818, 11.535
2014-11-16 04:18, 13.817, 0.000, 13.818, 11.535
2014-11-16 04:19, 13.817, 0.000, 13.818, 11.535
2014-11-16 04:20, 13.817, 0.000, 13.818, 11.535
2014-11-16 04:21, 13.817, 0.000, 13.818, 11.535
2014-11-16 04:22, 13.817, 0.000, 13.818, 11.535
2014-11-16 04:23, 13.817, 0.000, 13.818, 11.535
2014-11-16 04:24, 13.817, 0.000, 13.818, 11.535
2014-11-16 04:25, 13.817, 0.000, 13.818, 11.535
2014-11-16 04:26, 13.833, 0.000, 13.818, 11.535
2014-11-16 04:27, 13.833, 0.000, 13.818, 11.535
2014-11-16 04:28, 13.833, 0.000, 13.818, 11.535
2014-11-16 04:29, 13.833, 0.000, 13.818, 11.535
2014-11-16 04:30, 13.833, 0.000, 13.818, 11.535
2014-11-16 04:31, 13.833, 0.000, 13.818, 11.535
2014-11-16 04:32, 13.833, 0.000, 13.818, 11.535
2014-11-16 04:33, 13.833, 0.000, 13.818, 11.535
2014-11-16 04:34, 13.833, 0.000, 13.818, 11.535
2014-11-16 04:35, 13.833, 0.000, 13.818, 11.535
2014-11-16 04:36, 13.833, 0.000, 13.818, 11.535
2014-11-16 04:37, 13.833, 0.000, 13.818, 11.535
2014-11-16 04:38, 13.833, 0.000, 13.818, 11.535
2014-11-16 04:39, 13.833, 0.000, 13.818, 11.535
2014-11-16 04:40, 13.833, 0.000, 13.818, 11.535
2014-11-16 04:41, 13.833, 0.000, 13.818, 11.535
2014-11-16 04:42, 13.833, 0.000, 13.818, 11.535
2014-11-16 04:43, 13.833, 0.000, 13.818, 11.535
2014-11-16 04:44, 13.833, 0.000, 13.818, 11.535
2014-11-16 04:45, 13.833, 0.000, 13.818, 11.535
2014-11-16 04:46, 13.833, 0.000, 13.818, 11.535
2014-11-16 04:47, 13.833, 0.000, 13.818, 11.535
2014-11-16 04:48, 13.833, 0.000, 13.818, 11.535
2014-11-16 04:49, 13.833, 0.000, 13.835, 11.535
2014-11-16 04:50, 13.833, 0.000, 13.818, 11.535
2014-11-16 04:51, 13.833, 0.000, 13.835, 11.535
2014-11-16 04:52, 13.833, 0.000, 13.835, 11.535
2014-11-16 04:53, 13.833, 0.000, 13.835, 11.535
2014-11-16 04:54, 13.833, 0.000, 13.818, 11.535
2014-11-16 04:55, 13.833, 0.000, 13.835, 11.535
2014-11-16 04:56, 13.833, 0.000, 13.835, 11.535
2014-11-16 04:57, 13.833, 0.000, 13.835, 11.535
2014-11-16 04:58, 13.833, 0.000, 13.835, 11.535
2014-11-16 04:59, 13.833, 0.000, 13.835, 11.535
2014-11-16 05:00, 13.833, 0.000, 13.835, 11.535
2014-11-16 05:01, 13.833, 0.000, 13.835, 11.535
2014-11-16 05:02, 13.833, 0.000, 13.835, 11.535
2014-11-16 05:03, 13.833, 0.000, 13.835, 11.535
2014-11-16 05:04, 13.833, 0.000, 13.835, 11.535
2014-11-16 05:05, 13.833, 0.000, 13.835, 11.535
2014-11-16 05:06, 13.833, 0.000, 13.835, 11.535
2014-11-16 05:07, 13.833, 0.000, 13.835, 11.535
2014-11-16 05:08, 13.833, 0.000, 13.835, 11.535
2014-11-16 05:09, 13.833, 0.000, 13.835, 11.535
2014-11-16 05:10, 13.833, 0.000, 13.835, 11.535
2014-11-16 05:11, 13.833, 0.000, 13.835, 11.535
2014-11-16 05:12, 13.833, 0.000, 13.835, 11.535
2014-11-16 05:13, 13.833, 0.000, 13.835, 11.535
2014-11-16 05:14, 13.833, 0.000, 13.835, 11.535
2014-11-16 05:15, 13.833, 0.000, 13.835, 11.535
2014-11-16 05:16, 13.833, 0.000, 13.835, 11.535
2014-11-16 05:17, 13.833, 0.000, 13.835, 11.535
2014-11-16 05:18, 13.833, 0.000, 13.835, 11.535
2014-11-16 05:19, 13.833, 0.000, 13.835, 11.535
2014-11-16 05:20, 13.833, 0.000, 13.835, 11.535
2014-11-16 05:21, 13.833, 0.000, 13.835, 11.535
2014-11-16 05:22, 13.833, 0.000, 13.835, 11.535
2014-11-16 05:23, 13.833, 0.000, 13.835, 11.535
2014-11-16 05:24, 13.833, 0.000, 13.835, 11.535
2014-11-16 05:25, 13.833, 0.000, 13.835, 11.535
2014-11-16 05:26, 13.833, 0.000, 13.835, 11.535
2014-11-16 05:27, 13.833, 0.000, 13.835, 11.535
2014-11-16 05:28, 13.833, 0.000, 13.835, 11.535
2014-11-16 05:29, 13.833, 0.000, 13.835, 11.535
2014-11-16 05:30, 13.833, 0.000, 13.835, 11.535
2014-11-16 05:31, 13.833, 0.000, 13.835, 11.535
2014-11-16 05:32, 13.833, 0.000, 13.835, 11.535
2014-11-16 05:33, 13.833, 0.000, 13.835, 11.535
2014-11-16 05:34, 13.833, 0.000, 13.835, 11.535
2014-11-16 05:35, 13.833, 0.000, 13.835, 11.535
2014-11-16 05:36, 13.833, 0.000, 13.835, 11.535
2014-11-16 05:37, 13.833, 0.000, 13.835, 11.535
2014-11-16 05:38, 13.833, 0.000, 13.835, 11.535
2014-11-16 05:39, 13.833, 0.000, 13.835, 11.535
2014-11-16 05:40, 13.833, 0.000, 13.835, 11.535
2014-11-16 05:41, 13.833, 0.000, 13.835, 11.535
2014-11-16 05:42, 13.833, 0.000, 13.835, 11.535
2014-11-16 05:43, 13.833, 0.000, 13.835, 11.535
2014-11-16 05:44, 13.833, 0.000, 13.835, 11.535
2014-11-16 05:45, 13.833, 0.000, 13.835, 11.535
2014-11-16 05:46, 13.833, 0.000, 13.835, 11.535
2014-11-16 05:47, 13.833, 0.000, 13.835, 11.535
2014-11-16 05:48, 13.833, 0.000, 13.835, 11.535
2014-11-16 05:49, 13.833, 0.000, 13.835, 11.535
2014-11-16 05:50, 13.833, 0.000, 13.835, 11.535
2014-11-16 05:51, 13.833, 0.000, 13.835, 11.535
2014-11-16 05:52, 13.833, 0.000, 13.835, 11.535
2014-11-16 05:53, 13.833, 0.000, 13.835, 11.535
2014-11-16 05:54, 13.833, 0.000, 13.835, 11.535
2014-11-16 05:55, 13.833, 0.000, 13.835, 11.535
2014-11-16 05:56, 13.833, 0.000, 13.835, 11.535
2014-11-16 05:57, 13.833, 0.000, 13.835, 11.535
2014-11-16 05:58, 13.833, 0.000, 13.835, 11.535
2014-11-16 05:59, 13.833, 0.000, 13.835, 11.535
2014-11-16 06:00, 13.833, 0.000, 13.835, 11.535
2014-11-16 06:01, 13.833, 0.000, 13.835, 11.535
2014-11-16 06:02, 13.833, 0.000, 13.835, 11.535
2014-11-16 06:03, 13.833, 0.000, 13.835, 11.535
2014-11-16 06:04, 13.833, 0.000, 13.835, 11.535
2014-11-16 06:05, 13.833, 0.000, 13.835, 11.535
2014-11-16 06:06, 13.833, 0.000, 13.835, 11.535
2014-11-16 06:07, 13.833, 0.000, 13.835, 11.519
2014-11-16 06:08, 13.833, 0.000, 13.835, 11.519
2014-11-16 06:09, 13.833, 0.000, 13.835, 11.519
2014-11-16 06:10, 13.833, 0.000, 13.835, 11.519
2014-11-16 06:11, 13.833, 0.000, 13.835, 11.519
2014-11-16 06:12, 13.833, 0.000, 13.835, 11.519
2014-11-16 06:13, 13.833, 0.000, 13.835, 11.519
2014-11-16 06:14, 13.833, 0.000, 13.835, 11.519
2014-11-16 06:15, 13.833, 0.000, 13.835, 11.519
2014-11-16 06:16, 13.833, 0.000, 13.835, 11.519
2014-11-16 06:17, 13.833, 0.000, 13.835, 11.519
2014-11-16 06:18, 13.833, 0.000, 13.835, 11.519
2014-11-16 06:19, 13.833, 0.000, 13.835, 11.519
2014-11-16 06:20, 13.833, 0.000, 13.835, 11.519
2014-11-16 06:21, 13.833, 0.000, 13.835, 11.519
2014-11-16 06:22, 13.833, 0.000, 13.835, 11.519
2014-11-16 06:23, 13.833, 0.000, 13.835, 11.519
2014-11-16 06:24, 13.833, 0.000, 13.835, 11.519
2014-11-16 06:25, 13.833, 0.000, 13.835, 11.519
2014-11-16 06:26, 13.833, 0.000, 13.835, 11.519
2014-11-16 06:27, 13.833, 0.000, 13.835, 11.519
2014-11-16 06:28, 13.833, 0.000, 13.835, 11.519
2014-11-16 06:29, 13.833, 0.000, 13.835, 11.519
2014-11-16 06:30, 13.833, 0.000, 13.835, 11.519
2014-11-16 06:31, 13.833, 0.000, 13.835, 11.519
2014-11-16 06:32, 13.833, 0.000, 13.835, 11.519
2014-11-16 06:33, 13.833, 0.000, 13.835, 11.519
2014-11-16 06:34, 13.833, 0.000, 13.835, 11.519
2014-11-16 06:35, 13.833, 0.000, 13.835, 11.519
2014-11-16 06:36, 13.833, 0.000, 13.835, 11.519
2014-11-16 06:37, 13.833, 0.000, 13.835, 11.519
2014-11-16 06:38, 13.833, 0.000, 13.835, 11.519
2014-11-16 06:39, 13.833, 0.000, 13.835, 11.519
2014-11-16 06:40, 13.833, 0.000, 13.835, 11.519
2014-11-16 06:41, 13.833, 0.000, 13.835, 11.519
2014-11-16 06:42, 13.833, 0.000, 13.835, 11.519
2014-11-16 06:43, 13.833, 0.000, 13.835, 11.519
2014-11-16 06:44, 13.833, 0.000, 13.835, 11.519
2014-11-16 06:45, 13.833, 0.000, 13.835, 11.519
2014-11-16 06:46, 13.833, 0.000, 13.835, 11.519
2014-11-16 06:47, 13.833, 0.000, 13.835, 11.519
2014-11-16 06:48, 13.833, 0.000, 13.835, 11.519
2014-11-16 06:49, 13.833, 0.000, 13.835, 11.519
2014-11-16 06:50, 13.833, 0.000, 13.835, 11.519
2014-11-16 06:51, 13.833, 0.000, 13.835, 11.519
2014-11-16 06:52, 13.833, 0.000, 13.835, 11.519
2014-11-16 06:53, 13.833, 0.000, 13.835, 11.519
2014-11-16 06:54, 13.833, 0.000, 13.835, 11.519
2014-11-16 06:55, 13.833, 0.000, 13.835, 11.519
2014-11-16 06:56, 13.833, 0.000, 13.835, 11.519
2014-11-16 06:57, 13.833, 0.000, 13.835, 11.519
2014-11-16 06:58, 13.833, 0.000, 13.835, 11.519
2014-11-16 06:59, 13.850, 0.000, 13.835, 11.519
2014-11-16 07:00, 13.833, 0.000, 13.835, 11.519
2014-11-16 07:01, 13.850, 0.000, 13.835, 11.519
2014-11-16 07:02, 13.850, 0.000, 13.835, 11.519
2014-11-16 07:03, 13.850, 0.000, 13.835, 11.519
2014-11-16 07:04, 13.850, 0.000, 13.835, 11.519
2014-11-16 07:05, 13.850, 0.000, 13.835, 11.519
2014-11-16 07:06, 13.850, 0.000, 13.835, 11.519
2014-11-16 07:07, 13.850, 0.000, 13.835, 11.519
2014-11-16 07:08, 13.850, 0.000, 13.835, 11.519
2014-11-16 07:09, 13.850, 0.000, 13.835, 11.519
2014-11-16 07:10, 13.850, 0.000, 13.835, 11.519
2014-11-16 07:11, 13.850, 0.000, 13.835, 11.519
2014-11-16 07:12, 13.850, 0.000, 13.835, 11.519
2014-11-16 07:13, 13.850, 0.000, 13.835, 11.519
2014-11-16 07:14, 13.850, 0.000, 13.835, 11.519
2014-11-16 07:15, 13.850, 0.000, 13.835, 11.519
2014-11-16 07:16, 13.850, 0.000, 13.835, 11.519
2014-11-16 07:17, 13.850, 0.000, 13.835, 11.519
2014-11-16 07:18, 13.850, 0.000, 13.835, 11.519
2014-11-16 07:19, 13.850, 0.000, 13.851, 11.519
2014-11-16 07:20, 13.850, 0.000, 13.835, 11.535
2014-11-16 07:21, 13.850, 0.000, 13.851, 11.535
2014-11-16 07:22, 13.850, 0.000, 13.851, 11.535
2014-11-16 07:23, 13.850, 0.000, 13.851, 11.535
2014-11-16 07:24, 13.850, 0.000, 13.851, 11.535
2014-11-16 07:25, 13.850, 0.000, 13.851, 11.535
2014-11-16 07:26, 13.850, 0.000, 13.851, 11.535
2014-11-16 07:27, 13.850, 0.000, 13.851, 11.535
2014-11-16 07:28, 13.850, 0.000, 13.851, 11.535
2014-11-16 07:29, 13.850, 0.000, 13.851, 11.535
2014-11-16 07:30, 13.850, 0.000, 13.851, 11.535
2014-11-16 07:31, 13.850, 0.000, 13.851, 11.535
2014-11-16 07:32, 13.850, 0.000, 13.851, 11.535
2014-11-16 07:33, 13.850, 0.000, 13.851, 11.535
2014-11-16 07:34, 13.850, 0.000, 13.851, 11.535
2014-11-16 07:35, 13.850, 0.000, 13.851, 11.535
2014-11-16 07:36, 13.850, 0.000, 13.851, 11.552
2014-11-16 07:37, 13.850, 0.000, 13.851, 11.552
2014-11-16 07:38, 13.850, 0.000, 13.851, 11.552
2014-11-16 07:39, 13.850, 0.000, 13.851, 11.552
2014-11-16 07:40, 13.850, 0.000, 13.851, 11.552
2014-11-16 07:41, 13.850, 0.000, 13.851, 11.569
2014-11-16 07:42, 13.850, 0.000, 13.851, 11.569
2014-11-16 07:43, 13.850, 0.000, 13.851, 11.569
2014-11-16 07:44, 13.850, 0.000, 13.851, 11.586
2014-11-16 07:45, 13.850, 0.000, 13.851, 11.586
2014-11-16 07:46, 13.850, 0.000, 13.851, 11.586
2014-11-16 07:47, 13.850, 0.000, 13.851, 11.586
2014-11-16 07:48, 13.850, 0.000, 13.851, 11.603
2014-11-16 07:49, 13.850, 0.000, 13.851, 11.603
2014-11-16 07:50, 13.850, 0.000, 13.851, 11.603
2014-11-16 07:51, 13.850, 0.000, 13.851, 11.619
2014-11-16 07:52, 13.850, 0.000, 13.851, 11.619
2014-11-16 07:53, 13.850, 0.000, 13.851, 11.619
2014-11-16 07:54, 13.850, 0.000, 13.851, 11.636
2014-11-16 07:55, 13.850, 0.000, 13.851, 11.636
2014-11-16 07:56, 13.850, 0.000, 13.851, 11.636
2014-11-16 07:57, 13.850, 0.000, 13.851, 11.636
2014-11-16 07:58, 13.850, 0.000, 13.851, 11.653
2014-11-16 07:59, 13.850, 0.000, 13.851, 11.653
2014-11-16 08:00, 13.850, 0.000, 13.851, 11.653
2014-11-16 08:01, 13.850, 0.000, 13.851, 11.653
2014-11-16 08:02, 13.850, 0.000, 13.851, 11.670
2014-11-16 08:03, 13.850, 0.000, 13.851, 11.670
2014-11-16 08:04, 13.850, 0.000, 13.851, 11.670
2014-11-16 08:05, 13.850, 0.000, 13.851, 11.670
2014-11-16 08:06, 13.850, 0.000, 13.851, 11.686
2014-11-16 08:07, 13.850, 0.000, 13.851, 11.686
2014-11-16 08:08, 13.850, 0.000, 13.851, 11.686
2014-11-16 08:09, 13.850, 0.000, 13.851, 11.686
2014-11-16 08:10, 13.850, 0.000, 13.851, 11.703
2014-11-16 08:11, 13.850, 0.000, 13.851, 11.703
2014-11-16 08:12, 13.850, 0.000, 13.851, 11.703
2014-11-16 08:13, 13.850, 0.000, 13.851, 11.703
2014-11-16 08:14, 13.867, 0.000, 13.851, 11.720
2014-11-16 08:15, 13.867, 0.000, 13.851, 11.720
2014-11-16 08:16, 13.867, 0.000, 13.851, 11.720
2014-11-16 08:17, 13.867, 0.000, 13.851, 11.737
2014-11-16 08:18, 13.867, 0.000, 13.851, 11.737
2014-11-16 08:19, 13.867, 0.000, 13.851, 11.737
2014-11-16 08:20, 13.867, 0.000, 13.851, 11.737
2014-11-16 08:21, 13.867, 0.000, 13.851, 11.753
2014-11-16 08:22, 13.867, 0.000, 13.851, 11.753
2014-11-16 08:23, 13.867, 0.000, 13.851, 11.753
2014-11-16 08:24, 13.867, 0.000, 13.851, 11.753
2014-11-16 08:25, 13.867, 0.000, 13.851, 11.770
2014-11-16 08:26, 13.867, 0.000, 13.851, 11.770
2014-11-16 08:27, 13.867, 0.000, 13.851, 11.787
2014-11-16 08:28, 13.867, 0.000, 13.851, 11.787
2014-11-16 08:29, 13.867, 0.000, 13.851, 11.787
2014-11-16 08:30, 13.867, 0.000, 13.851, 11.787
2014-11-16 08:31, 13.867, 0.000, 13.851, 11.804
2014-11-16 08:32, 13.867, 0.000, 13.851, 11.804
2014-11-16 08:33, 13.867, 0.000, 13.851, 11.804
2014-11-16 08:34, 13.867, 0.000, 13.851, 11.804
2014-11-16 08:35, 13.867, 0.000, 13.851, 11.804
2014-11-16 08:36, 13.867, 0.000, 13.851, 11.804
2014-11-16 08:37, 13.867, 0.000, 13.868, 11.804
2014-11-16 08:38, 13.867, 0.000, 13.868, 11.820
2014-11-16 08:39, 13.867, 0.000, 13.868, 11.820
2014-11-16 08:40, 13.867, 0.000, 13.868, 11.820
2014-11-16 08:41, 13.867, 0.000, 13.868, 11.837
2014-11-16 08:42, 13.867, 0.000, 13.868, 11.837
2014-11-16 08:43, 13.867, 0.000, 13.868, 11.854
2014-11-16 08:44, 13.867, 0.000, 13.868, 11.854
2014-11-16 08:45, 13.867, 0.000, 13.868, 11.871
2014-11-16 08:46, 13.867, 0.000, 13.868, 11.871
2014-11-16 08:47, 13.867, 0.000, 13.868, 11.888
2014-11-16 08:48, 13.867, 0.000, 13.868, 11.888
2014-11-16 08:49, 13.867, 0.000, 13.868, 11.904
2014-11-16 08:50, 13.867, 0.000, 13.868, 11.904
2014-11-16 08:51, 13.867, 0.000, 13.868, 11.921
2014-11-16 08:52, 13.867, 0.000, 13.868, 11.921
2014-11-16 08:53, 13.867, 0.000, 13.868, 11.921
2014-11-16 08:54, 13.867, 0.000, 13.868, 11.938
2014-11-16 08:55, 13.867, 0.000, 13.868, 11.938
2014-11-16 08:56, 13.867, 0.000, 13.868, 11.955
2014-11-16 08:57, 13.867, 0.000, 13.868, 11.955
2014-11-16 08:58, 13.867, 0.000, 13.868, 11.971
2014-11-16 08:59, 13.867, 0.000, 13.868, 11.971
2014-11-16 09:00, 13.867, 0.000, 13.868, 11.988
2014-11-16 09:01, 13.867, 0.000, 13.868, 11.988
2014-11-16 09:02, 13.867, 0.000, 13.868, 12.005
2014-11-16 09:03, 13.867, 0.000, 13.868, 12.005
2014-11-16 09:04, 13.867, 0.000, 13.868, 12.022
2014-11-16 09:05, 13.867, 0.000, 13.868, 12.022
2014-11-16 09:06, 13.867, 0.000, 13.868, 12.022
2014-11-16 09:07, 13.867, 0.000, 13.868, 12.038
2014-11-16 09:08, 13.867, 0.000, 13.868, 12.038
2014-11-16 09:09, 13.867, 0.000, 13.868, 12.038
2014-11-16 09:10, 13.867, 0.000, 13.868, 12.055
2014-11-16 09:11, 13.867, 0.000, 13.868, 12.055
2014-11-16 09:12, 13.867, 0.000, 13.868, 12.055
2014-11-16 09:13, 13.867, 0.000, 13.868, 12.055
2014-11-16 09:14, 13.867, 0.000, 13.868, 12.072
2014-11-16 09:15, 13.867, 0.000, 13.868, 12.072
2014-11-16 09:16, 13.867, 0.000, 13.868, 12.072
2014-11-16 09:17, 13.867, 0.000, 13.868, 12.072
2014-11-16 09:18, 13.867, 0.000, 13.868, 12.072
2014-11-16 09:19, 13.867, 0.000, 13.868, 12.072
2014-11-16 09:20, 13.867, 0.000, 13.868, 12.072
2014-11-16 09:21, 13.867, 0.000, 13.868, 12.089
2014-11-16 09:22, 13.867, 0.000, 13.868, 12.089
2014-11-16 09:23, 13.867, 0.000, 13.868, 12.089
2014-11-16 09:24, 13.867, 0.000, 13.868, 12.089
2014-11-16 09:25, 13.867, 0.000, 13.868, 12.089
2014-11-16 09:26, 13.867, 0.000, 13.868, 12.089
2014-11-16 09:27, 13.867, 0.000, 13.868, 12.106
2014-11-16 09:28, 13.867, 0.000, 13.868, 12.106
2014-11-16 09:29, 13.867, 0.000, 13.868, 12.106
2014-11-16 09:30, 13.867, 0.000, 13.868, 12.106
2014-11-16 09:31, 13.867, 0.000, 13.868, 12.106
2014-11-16 09:32, 13.867, 0.000, 13.868, 12.106
2014-11-16 09:33, 13.867, 0.000, 13.868, 12.122
2014-11-16 09:34, 13.867, 0.000, 13.868, 12.122
2014-11-16 09:35, 13.867, 0.000, 13.868, 12.122
2014-11-16 09:36, 13.884, 0.000, 13.868, 12.139
2014-11-16 09:37, 13.884, 0.000, 13.868, 12.139
2014-11-16 09:38, 13.884, 0.000, 13.868, 12.139
2014-11-16 09:39, 13.884, 0.000, 13.868, 12.139
2014-11-16 09:40, 13.884, 0.000, 13.868, 12.139
2014-11-16 09:41, 13.884, 0.000, 13.868, 12.139
2014-11-16 09:42, 13.884, 0.000, 13.868, 12.139
2014-11-16 09:43, 13.884, 0.000, 13.868, 12.139
2014-11-16 09:44, 13.884, 0.000, 13.868, 12.156
2014-11-16 09:45, 13.884, 0.000, 13.868, 12.156
2014-11-16 09:46, 13.884, 0.000, 13.868, 12.156
2014-11-16 09:47, 13.884, 0.000, 13.868, 12.156
2014-11-16 09:48, 13.884, 0.000, 13.868, 12.173
2014-11-16 09:49, 13.884, 0.000, 13.868, 12.173
2014-11-16 09:50, 13.884, 0.000, 13.868, 12.189
2014-11-16 09:51, 13.884, 0.000, 13.868, 12.189
2014-11-16 09:52, 13.884, 0.000, 13.868, 12.189
2014-11-16 09:53, 13.884, 0.000, 13.868, 12.189
2014-11-16 09:54, 13.884, 0.000, 13.868, 12.189
2014-11-16 09:55, 13.884, 0.000, 13.868, 12.189
2014-11-16 09:56, 13.884, 0.000, 13.868, 12.189
2014-11-16 09:57, 13.884, 0.000, 13.868, 12.189
2014-11-16 09:58, 13.884, 0.000, 13.868, 12.189
2014-11-16 09:59, 13.884, 0.000, 13.868, 12.206
2014-11-16 10:00, 13.884, 0.000, 13.868, 12.206
2014-11-16 10:01, 13.884, 0.000, 13.868, 12.206
2014-11-16 10:02, 13.884, 0.000, 13.868, 12.206
2014-11-16 10:03, 13.884, 0.000, 13.868, 12.206
2014-11-16 10:04, 13.884, 0.000, 13.868, 12.206
2014-11-16 10:05, 13.884, 0.000, 13.868, 12.206
2014-11-16 10:06, 13.884, 0.000, 13.868, 12.206
2014-11-16 10:07, 13.884, 0.000, 13.868, 12.206
2014-11-16 10:08, 13.884, 0.000, 13.868, 12.206
2014-11-16 10:09, 13.884, 0.000, 13.868, 12.206
2014-11-16 10:10, 13.884, 0.000, 13.868, 12.223
2014-11-16 10:11, 13.884, 0.000, 13.868, 12.223
2014-11-16 10:12, 13.884, 0.000, 13.868, 12.206
2014-11-16 10:13, 13.884, 0.000, 13.868, 12.223
2014-11-16 10:14, 13.884, 0.000, 13.868, 12.223
2014-11-16 10:15, 13.884, 0.000, 13.868, 12.223
2014-11-16 10:16, 13.884, 0.000, 13.868, 12.223
2014-11-16 10:17, 13.884, 0.000, 13.868, 12.240
2014-11-16 10:18, 13.884, 0.000, 13.868, 12.240
2014-11-16 10:19, 13.884, 0.000, 13.868, 12.240
2014-11-16 10:20, 13.884, 0.000, 13.868, 12.240
2014-11-16 10:21, 13.884, 0.000, 13.868, 12.240
2014-11-16 10:22, 13.884, 0.000, 13.868, 12.240
2014-11-16 10:23, 13.884, 0.000, 13.868, 12.240
2014-11-16 10:24, 13.884, 0.000, 13.868, 12.240
2014-11-16 10:25, 13.884, 0.000, 13.868, 12.240
2014-11-16 10:26, 13.884, 0.000, 13.868, 12.240
2014-11-16 10:27, 13.884, 0.000, 13.885, 12.240
2014-11-16 10:28, 13.884, 0.000, 13.885, 12.256
2014-11-16 10:29, 13.884, 0.000, 13.885, 12.256
2014-11-16 10:30, 13.884, 0.000, 13.885, 12.256
2014-11-16 10:31, 13.884, 0.000, 13.885, 12.256
2014-11-16 10:32, 13.884, 0.000, 13.885, 12.256
2014-11-16 10:33, 13.884, 0.000, 13.885, 12.256
2014-11-16 10:34, 13.884, 0.000, 13.885, 12.256
2014-11-16 10:35, 13.884, 0.000, 13.885, 12.256
2014-11-16 10:36, 13.884, 0.000, 13.885, 12.256
2014-11-16 10:37, 13.884, 0.000, 13.885, 12.256
2014-11-16 10:38, 13.884, 0.000, 13.885, 12.273
2014-11-16 10:39, 13.884, 0.000, 13.885, 12.273
2014-11-16 10:40, 13.884, 0.000, 13.885, 12.256
2014-11-16 10:41, 13.884, 0.000, 13.885, 12.256
2014-11-16 10:42, 13.884, 0.000, 13.885, 12.256
2014-11-16 10:43, 13.884, 0.000, 13.885, 12.256
2014-11-16 10:44, 13.884, 0.000, 13.885, 12.256
2014-11-16 10:45, 13.884, 0.000, 13.885, 12.256
2014-11-16 10:46, 13.884, 0.000, 13.885, 12.256
2014-11-16 10:47, 13.884, 0.000, 13.885, 12.256
2014-11-16 10:48, 13.884, 0.000, 13.885, 12.240
2014-11-16 10:49, 13.884, 0.000, 13.885, 12.240
2014-11-16 10:50, 13.884, 0.000, 13.885, 12.240
2014-11-16 10:51, 13.884, 0.000, 13.885, 12.240
2014-11-16 10:52, 13.884, 0.000, 13.885, 12.240
2014-11-16 10:53, 13.884, 0.000, 13.885, 12.256
2014-11-16 10:54, 13.884, 0.000, 13.885, 12.240
2014-11-16 10:55, 13.884, 0.000, 13.885, 12.240
2014-11-16 10:56, 13.884, 0.000, 13.885, 12.240
2014-11-16 10:57, 13.884, 0.000, 13.885, 12.240
2014-11-16 10:58, 13.884, 0.000, 13.885, 12.256
2014-11-16 10:59, 13.884, 0.000, 13.885, 12.256
2014-11-16 11:00, 13.884, 0.000, 13.885, 12.256
2014-11-16 11:01, 13.884, 0.000, 13.885, 12.256
2014-11-16 11:02, 13.884, 0.000, 13.885, 12.256
2014-11-16 11:03, 13.884, 0.000, 13.885, 12.256
2014-11-16 11:04, 13.884, 0.000, 13.885, 12.256
2014-11-16 11:05, 13.884, 0.000, 13.885, 12.256
2014-11-16 11:06, 13.884, 0.000, 13.885, 12.256
2014-11-16 11:07, 13.884, 0.000, 13.885, 12.256
2014-11-16 11:08, 13.884, 0.000, 13.885, 12.256
2014-11-16 11:09, 13.884, 0.000, 13.885, 12.240
2014-11-16 11:10, 13.884, 0.000, 13.885, 12.240
2014-11-16 11:11, 13.884, 0.000, 13.885, 12.240
2014-11-16 11:12, 13.884, 0.000, 13.885, 12.240
2014-11-16 11:13, 13.884, 0.000, 13.885, 12.240
2014-11-16 11:14, 13.884, 0.000, 13.885, 12.240
2014-11-16 11:15, 13.884, 0.000, 13.885, 12.223
2014-11-16 11:16, 13.884, 0.000, 13.885, 12.223
2014-11-16 11:17, 13.884, 0.000, 13.885, 12.223
2014-11-16 11:18, 13.884, 0.000, 13.885, 12.206
2014-11-16 11:19, 13.884, 0.000, 13.885, 12.206
2014-11-16 11:20, 13.884, 0.000, 13.885, 12.206
2014-11-16 11:21, 13.884, 0.000, 13.885, 12.206
2014-11-16 11:22, 13.884, 0.000, 13.885, 12.189
2014-11-16 11:23, 13.884, 0.000, 13.885, 12.189
2014-11-16 11:24, 13.884, 0.000, 13.885, 12.189
2014-11-16 11:25, 13.884, 0.000, 13.885, 12.189
2014-11-16 11:26, 13.884, 0.000, 13.885, 12.189
2014-11-16 11:27, 13.884, 0.000, 13.885, 12.189
2014-11-16 11:28, 13.884, 0.000, 13.885, 12.189
2014-11-16 11:29, 13.884, 0.000, 13.885, 12.173
2014-11-16 11:30, 13.884, 0.000, 13.885, 12.173
2014-11-16 11:31, 13.884, 0.000, 13.885, 12.173
2014-11-16 11:32, 13.884, 0.000, 13.885, 12.173
2014-11-16 11:33, 13.884, 0.000, 13.885, 12.156
2014-11-16 11:34, 13.884, 0.000, 13.885, 12.156
2014-11-16 11:35, 13.884, 0.000, 13.885, 12.156
2014-11-16 11:36, 13.884, 0.000, 13.885, 12.156
2014-11-16 11:37, 13.884, 0.000, 13.885, 12.156
2014-11-16 11:38, 13.884, 0.000, 13.885, 12.156
2014-11-16 11:39, 13.884, 0.000, 13.885, 12.156
2014-11-16 11:40, 13.884, 0.000, 13.885, 12.139
2014-11-16 11:41, 13.884, 0.000, 13.885, 12.139
2014-11-16 11:42, 13.884, 0.000, 13.885, 12.139
2014-11-16 11:43, 13.884, 0.000, 13.885, 12.139
2014-11-16 11:44, 13.884, 0.000, 13.885, 12.139
2014-11-16 11:45, 13.884, 0.000, 13.885, 12.122
2014-11-16 11:46, 13.884, 0.000, 13.885, 12.122
2014-11-16 11:47, 13.884, 0.000, 13.885, 12.122
2014-11-16 11:48, 13.884, 0.000, 13.885, 12.122
2014-11-16 11:49, 13.884, 0.000, 13.885, 12.122
2014-11-16 11:50, 13.884, 0.000, 13.885, 12.122
2014-11-16 11:51, 13.884, 0.000, 13.885, 12.139
2014-11-16 11:52, 13.884, 0.000, 13.885, 12.139
2014-11-16 11:53, 13.884, 0.000, 13.885, 12.122
2014-11-16 11:54, 13.884, 0.000, 13.885, 12.122
2014-11-16 11:55, 13.884, 0.000, 13.885, 12.122
2014-11-16 11:56, 13.884, 0.000, 13.885, 12.122
2014-11-16 11:57, 13.884, 0.000, 13.885, 12.122
2014-11-16 11:58, 13.884, 0.000, 13.885, 12.122
2014-11-16 11:59, 13.884, 0.000, 13.885, 12.122
2014-11-16 12:00, 13.884, 0.000, 13.885, 12.122
2014-11-16 12:01, 13.884, 0.000, 13.885, 12.122
2014-11-16 12:02, 13.884, 0.000, 13.885, 12.122
2014-11-16 12:03, 13.884, 0.000, 13.885, 12.122
2014-11-16 12:04, 13.884, 0.000, 13.885, 12.122
2014-11-16 12:05, 13.884, 0.000, 13.885, 12.122
2014-11-16 12:06, 13.884, 0.000, 13.885, 12.122
2014-11-16 12:07, 13.884, 0.000, 13.885, 12.122
2014-11-16 12:08, 13.884, 0.000, 13.885, 12.122
2014-11-16 12:09, 13.884, 0.000, 13.885, 12.122
2014-11-16 12:10, 13.884, 0.000, 13.885, 12.122
2014-11-16 12:11, 13.884, 0.000, 13.885, 12.122
2014-11-16 12:12, 13.884, 0.000, 13.885, 12.106
2014-11-16 12:13, 13.884, 0.000, 13.885, 12.106
2014-11-16 12:14, 13.884, 0.000, 13.885, 12.122
2014-11-16 12:15, 13.884, 0.000, 13.885, 12.122
2014-11-16 12:16, 13.884, 0.000, 13.885, 12.122
2014-11-16 12:17, 13.884, 0.000, 13.885, 12.122
2014-11-16 12:18, 13.884, 0.000, 13.885, 12.122
2014-11-16 12:19, 13.884, 0.000, 13.885, 12.122
2014-11-16 12:20, 13.884, 0.000, 13.885, 12.106
2014-11-16 12:21, 13.884, 0.000, 13.885, 12.106
2014-11-16 12:22, 13.884, 0.000, 13.885, 12.106
2014-11-16 12:23, 13.884, 0.000, 13.885, 12.106
2014-11-16 12:24, 13.884, 0.000, 13.885, 12.106
2014-11-16 12:25, 13.884, 0.000, 13.885, 12.106
2014-11-16 12:26, 13.884, 0.000, 13.885, 12.106
2014-11-16 12:27, 13.884, 0.000, 13.885, 12.106
2014-11-16 12:28, 13.884, 0.000, 13.885, 12.106
2014-11-16 12:29, 13.884, 0.000, 13.885, 12.106
2014-11-16 12:30, 13.884, 0.000, 13.885, 12.106
2014-11-16 12:31, 13.884, 0.000, 13.885, 12.106
2014-11-16 12:32, 13.884, 0.000, 13.885, 12.122
2014-11-16 12:33, 13.884, 0.000, 13.885, 12.106
2014-11-16 12:34, 13.884, 0.000, 13.885, 12.106
2014-11-16 12:35, 13.884, 0.000, 13.885, 12.106
2014-11-16 12:36, 13.884, 0.000, 13.885, 12.106
2014-11-16 12:37, 13.884, 0.000, 13.885, 12.106
2014-11-16 12:38, 13.884, 0.000, 13.885, 12.106
2014-11-16 12:39, 13.884, 0.000, 13.885, 12.106
2014-11-16 12:40, 13.884, 0.000, 13.885, 12.106
2014-11-16 12:41, 13.884, 0.000, 13.885, 12.106
2014-11-16 12:42, 13.884, 0.000, 13.885, 12.106
2014-11-16 12:43, 13.884, 0.000, 13.885, 12.089
2014-11-16 12:44, 13.884, 0.000, 13.885, 12.106
2014-11-16 12:45, 13.884, 0.000, 13.885, 12.106
2014-11-16 12:46, 13.884, 0.000, 13.885, 12.089
2014-11-16 12:47, 13.884, 0.000, 13.885, 12.089
2014-11-16 12:48, 13.884, 0.000, 13.885, 12.089
2014-11-16 12:49, 13.884, 0.000, 13.885, 12.089
2014-11-16 12:50, 13.884, 0.000, 13.885, 12.089
2014-11-16 12:51, 13.884, 0.000, 13.885, 12.089
2014-11-16 12:52, 13.884, 0.000, 13.885, 12.089
2014-11-16 12:53, 13.884, 0.000, 13.885, 12.089
2014-11-16 12:54, 13.884, 0.000, 13.885, 12.089
2014-11-16 12:55, 13.884, 0.000, 13.885, 12.089
2014-11-16 12:56, 13.884, 0.000, 13.885, 12.089
2014-11-16 12:57, 13.884, 0.000, 13.885, 12.089
2014-11-16 12:58, 13.884, 0.000, 13.885, 12.089
2014-11-16 12:59, 13.900, 0.000, 13.885, 12.089
2014-11-16 13:00, 13.884, 0.000, 13.885, 12.089
2014-11-16 13:01, 13.884, 0.000, 13.885, 12.089
2014-11-16 13:02, 13.900, 0.000, 13.885, 12.072
2014-11-16 13:03, 13.900, 0.000, 13.885, 12.089
2014-11-16 13:04, 13.900, 0.000, 13.885, 12.072
2014-11-16 13:05, 13.900, 0.000, 13.885, 12.072
2014-11-16 13:06, 13.900, 0.000, 13.885, 12.072
2014-11-16 13:07, 13.900, 0.000, 13.885, 12.072
2014-11-16 13:08, 13.900, 0.000, 13.885, 12.072
2014-11-16 13:09, 13.900, 0.000, 13.885, 12.072
2014-11-16 13:10, 13.900, 0.000, 13.885, 12.072
2014-11-16 13:11, 13.900, 0.000, 13.885, 12.072
2014-11-16 13:12, 13.900, 0.000, 13.885, 12.072
2014-11-16 13:13, 13.900, 0.000, 13.885, 12.072
2014-11-16 13:14, 13.900, 0.000, 13.885, 12.072
2014-11-16 13:15, 13.900, 0.000, 13.885, 12.072
2014-11-16 13:16, 13.900, 0.000, 13.885, 12.072
2014-11-16 13:17, 13.900, 0.000, 13.885, 12.072
2014-11-16 13:18, 13.900, 0.000, 13.885, 12.072
2014-11-16 13:19, 13.900, 0.000, 13.885, 12.072
2014-11-16 13:20, 13.900, 0.000, 13.885, 12.072
2014-11-16 13:21, 13.900, 0.000, 13.885, 12.072
2014-11-16 13:22, 13.900, 0.000, 13.885, 12.055
2014-11-16 13:23, 13.900, 0.000, 13.885, 12.055
2014-11-16 13:24, 13.900, 0.000, 13.885, 12.055
2014-11-16 13:25, 13.900, 0.000, 13.885, 12.055
2014-11-16 13:26, 13.900, 0.000, 13.885, 12.055
2014-11-16 13:27, 13.900, 0.000, 13.885, 12.055
2014-11-16 13:28, 13.900, 0.000, 13.885, 12.055
2014-11-16 13:29, 13.900, 0.000, 13.885, 12.055
2014-11-16 13:30, 13.900, 0.000, 13.885, 12.055
2014-11-16 13:31, 13.900, 0.000, 13.885, 12.055
2014-11-16 13:32, 13.900, 0.000, 13.885, 12.055
2014-11-16 13:33, 13.900, 0.000, 13.885, 12.055
2014-11-16 13:34, 13.900, 0.000, 13.885, 12.055
2014-11-16 13:35, 13.900, 0.000, 13.885, 12.055
2014-11-16 13:36, 13.900, 0.000, 13.885, 12.055
2014-11-16 13:37, 13.900, 0.000, 13.885, 12.055
2014-11-16 13:38, 13.900, 0.000, 13.885, 12.055
2014-11-16 13:39, 13.900, 0.000, 13.885, 12.055
2014-11-16 13:40, 13.900, 0.000, 13.885, 12.055
2014-11-16 13:41, 13.900, 0.000, 13.885, 12.055
2014-11-16 13:42, 13.900, 0.000, 13.885, 12.055
2014-11-16 13:43, 13.900, 0.000, 13.885, 12.055
2014-11-16 13:44, 13.900, 0.000, 13.885, 12.055
2014-11-16 13:45, 13.900, 0.000, 13.885, 12.055
2014-11-16 13:46, 13.900, 0.000, 13.885, 12.055
2014-11-16 13:47, 13.900, 0.000, 13.885, 12.055
2014-11-16 13:48, 13.900, 0.000, 13.885, 12.055
2014-11-16 13:49, 13.900, 0.000, 13.885, 12.055
2014-11-16 13:50, 13.900, 0.000, 13.885, 12.055
2014-11-16 13:51, 13.900, 0.000, 13.885, 12.055
2014-11-16 13:52, 13.900, 0.000, 13.885, 12.055
2014-11-16 13:53, 13.900, 0.000, 13.885, 12.055
2014-11-16 13:54, 13.900, 0.000, 13.885, 12.055
2014-11-16 13:55, 13.900, 0.000, 13.885, 12.055
2014-11-16 13:56, 13.900, 0.000, 13.885, 12.055
2014-11-16 13:57, 13.900, 0.000, 13.885, 12.055
2014-11-16 13:58, 13.900, 0.000, 13.885, 12.038
2014-11-16 13:59, 13.900, 0.000, 13.885, 12.038
2014-11-16 14:00, 13.833, 0.000, 13.935, 12.038
2014-11-16 14:01, 13.582, 0.000, 13.935, 12.038
2014-11-16 14:02, 13.531, 0.000, 13.935, 12.038
2014-11-16 14:03, 13.498, 0.000, 13.935, 12.038
2014-11-16 14:04, 13.481, 0.000, 13.935, 12.038
2014-11-16 14:05, 13.464, 0.000, 13.935, 12.022
2014-11-16 14:06, 13.447, 0.000, 13.935, 12.022
2014-11-16 14:07, 13.447, 0.000, 13.935, 12.022
2014-11-16 14:08, 13.430, 0.000, 13.935, 12.022
2014-11-16 14:09, 13.414, 0.000, 13.935, 12.022
2014-11-16 14:10, 13.414, 0.000, 13.935, 12.022
2014-11-16 14:11, 13.397, 0.000, 13.935, 12.022
2014-11-16 14:12, 13.397, 0.000, 13.935, 12.022
2014-11-16 14:13, 13.380, 0.000, 13.935, 12.022
2014-11-16 14:14, 13.380, 0.000, 13.935, 12.022
2014-11-16 14:15, 13.363, 0.000, 13.935, 12.022
2014-11-16 14:16, 13.363, 0.000, 13.935, 12.022
2014-11-16 14:17, 13.346, 0.000, 13.935, 12.022
2014-11-16 14:18, 13.346, 0.000, 13.935, 12.022
2014-11-16 14:19, 13.346, 0.000, 13.935, 12.022
2014-11-16 14:20, 13.330, 0.000, 13.935, 12.022
2014-11-16 14:21, 13.330, 0.000, 13.935, 12.022
2014-11-16 14:22, 13.313, 0.000, 13.935, 12.022
2014-11-16 14:23, 13.313, 0.000, 13.935, 12.022
2014-11-16 14:24, 13.313, 0.000, 13.935, 12.005
2014-11-16 14:25, 13.313, 0.000, 13.935, 12.005
2014-11-16 14:26, 13.296, 0.000, 13.935, 12.005
2014-11-16 14:27, 13.296, 0.000, 13.935, 12.005
2014-11-16 14:28, 13.296, 0.000, 13.935, 12.005
2014-11-16 14:29, 13.279, 0.000, 13.935, 12.005
2014-11-16 14:30, 13.279, 0.000, 13.935, 12.005
2014-11-16 14:31, 13.279, 0.000, 13.935, 12.022
2014-11-16 14:32, 13.279, 0.000, 13.935, 12.005
2014-11-16 14:33, 13.263, 0.000, 13.935, 12.005
2014-11-16 14:34, 13.263, 0.000, 13.935, 12.005
2014-11-16 14:35, 13.263, 0.000, 13.935, 12.005
2014-11-16 14:36, 13.263, 0.000, 13.935, 12.005
2014-11-16 14:37, 13.246, 0.000, 13.935, 12.005
2014-11-16 14:38, 13.246, 0.000, 13.935, 12.005
2014-11-16 14:39, 13.246, 0.000, 13.935, 12.005
2014-11-16 14:40, 13.246, 0.000, 13.935, 12.005
2014-11-16 14:41, 13.246, 0.000, 13.935, 12.005
2014-11-16 14:42, 13.229, 0.000, 13.935, 12.005
2014-11-16 14:43, 13.229, 0.000, 13.935, 12.005
2014-11-16 14:44, 13.229, 0.000, 13.935, 12.005
2014-11-16 14:45, 13.229, 0.000, 13.935, 12.005
2014-11-16 14:46, 13.229, 0.000, 13.935, 12.005
2014-11-16 14:47, 13.229, 0.000, 13.935, 12.005
2014-11-16 14:48, 13.212, 0.000, 13.935, 12.005
2014-11-16 14:49, 13.212, 0.000, 13.935, 12.005
2014-11-16 14:50, 13.212, 0.000, 13.935, 12.005
2014-11-16 14:51, 13.212, 0.000, 13.935, 12.005
2014-11-16 14:52, 13.212, 0.000, 13.935, 12.005
2014-11-16 14:53, 13.212, 0.000, 13.935, 11.988
2014-11-16 14:54, 13.195, 0.000, 13.935, 11.988
2014-11-16 14:55, 13.195, 0.000, 13.935, 11.988
2014-11-16 14:56, 13.195, 0.000, 13.935, 11.988
2014-11-16 14:57, 13.195, 0.000, 13.935, 11.988
2014-11-16 14:58, 13.195, 0.000, 13.935, 11.988
2014-11-16 14:59, 13.195, 0.000, 13.935, 11.988
2014-11-16 15:00, 13.195, 0.000, 13.935, 11.971
2014-11-16 15:01, 13.179, 0.000, 13.935, 11.971
2014-11-16 15:02, 13.179, 0.000, 13.935, 11.971
2014-11-16 15:03, 13.179, 0.000, 13.935, 11.971
2014-11-16 15:04, 13.179, 0.000, 13.935, 11.971
2014-11-16 15:05, 13.179, 0.000, 13.935, 11.971
2014-11-16 15:06, 13.179, 0.000, 13.935, 11.971
2014-11-16 15:07, 13.179, 0.000, 13.935, 11.971
2014-11-16 15:08, 13.179, 0.000, 13.935, 11.971
2014-11-16 15:09, 13.162, 0.000, 13.935, 11.971
2014-11-16 15:10, 13.162, 0.000, 13.935, 11.971
2014-11-16 15:11, 13.162, 0.000, 13.935, 11.971
2014-11-16 15:12, 13.162, 0.000, 13.935, 11.971
2014-11-16 15:13, 13.162, 0.000, 13.935, 11.971
2014-11-16 15:14, 13.162, 0.000, 13.935, 11.971
2014-11-16 15:15, 13.162, 0.000, 13.935, 11.971
2014-11-16 15:16, 13.162, 0.000, 13.935, 11.971
2014-11-16 15:17, 13.162, 0.000, 13.935, 11.971
2014-11-16 15:18, 13.162, 0.000, 13.935, 11.971
2014-11-16 15:19, 13.145, 0.000, 13.935, 11.971
2014-11-16 15:20, 13.145, 0.000, 13.935, 11.971
2014-11-16 15:21, 13.145, 0.000, 13.935, 11.971
2014-11-16 15:22, 13.145, 0.000, 13.935, 11.971
2014-11-16 15:23, 13.145, 0.000, 13.935, 11.971
2014-11-16 15:24, 13.145, 0.000, 13.935, 11.955
2014-11-16 15:25, 13.145, 0.000, 13.935, 11.955
2014-11-16 15:26, 13.145, 0.000, 13.935, 11.955
2014-11-16 15:27, 13.145, 0.000, 13.935, 11.955
2014-11-16 15:28, 13.145, 0.000, 13.935, 11.955
2014-11-16 15:29, 13.145, 0.000, 13.935, 11.955
2014-11-16 15:30, 13.145, 0.000, 13.935, 11.955
2014-11-16 15:31, 13.145, 0.000, 13.935, 11.955
2014-11-16 15:32, 13.128, 0.000, 13.935, 11.955
2014-11-16 15:33, 13.128, 0.000, 13.935, 11.955
2014-11-16 15:34, 13.128, 0.000, 13.935, 11.955
2014-11-16 15:35, 13.128, 0.000, 13.935, 11.938
2014-11-16 15:36, 13.128, 0.000, 13.935, 11.938
2014-11-16 15:37, 13.128, 0.000, 13.935, 11.938
2014-11-16 15:38, 13.128, 0.000, 13.935, 11.938
2014-11-16 15:39, 13.128, 0.000, 13.935, 11.938
2014-11-16 15:40, 13.128, 0.000, 13.935, 11.938
2014-11-16 15:41, 13.128, 0.000, 13.935, 11.938
2014-11-16 15:42, 13.128, 0.000, 13.935, 11.938
2014-11-16 15:43, 13.128, 0.000, 13.935, 11.938
2014-11-16 15:44, 13.128, 0.000, 13.935, 11.938
2014-11-16 15:45, 13.128, 0.000, 13.935, 11.938
2014-11-16 15:46, 13.111, 0.000, 13.935, 11.938
2014-11-16 15:47, 13.111, 0.000, 13.935, 11.938
2014-11-16 15:48, 13.111, 0.000, 13.935, 11.938
2014-11-16 15:49, 13.111, 0.000, 13.935, 11.938
2014-11-16 15:50, 13.111, 0.000, 13.935, 11.938
2014-11-16 15:51, 13.111, 0.000, 13.935, 11.938
2014-11-16 15:52, 13.111, 0.000, 13.935, 11.938
2014-11-16 15:53, 13.111, 0.000, 13.935, 11.938
2014-11-16 15:54, 13.111, 0.000, 13.935, 11.938
2014-11-16 15:55, 13.111, 0.000, 13.935, 11.938
2014-11-16 15:56, 13.111, 0.000, 13.935, 11.938
2014-11-16 15:57, 13.111, 0.000, 13.935, 11.938
2014-11-16 15:58, 13.111, 0.000, 13.935, 11.938
2014-11-16 15:59, 13.111, 0.000, 13.935, 11.938
2014-11-16 16:00, 13.111, 0.000, 13.935, 11.938
2014-11-16 16:01, 13.111, 0.000, 13.935, 11.938
2014-11-16 16:02, 13.111, 0.000, 13.935, 11.938
2014-11-16 16:03, 13.111, 0.000, 13.935, 11.938
2014-11-16 16:04, 13.095, 0.000, 13.935, 11.938
2014-11-16 16:05, 13.095, 0.000, 13.935, 11.921
2014-11-16 16:06, 13.095, 0.000, 13.935, 11.921
2014-11-16 16:07, 13.095, 0.000, 13.935, 11.921
2014-11-16 16:08, 13.095, 0.000, 13.935, 11.921
2014-11-16 16:09, 13.095, 0.000, 13.935, 11.921
2014-11-16 16:10, 13.095, 0.000, 13.935, 11.921
2014-11-16 16:11, 13.095, 0.000, 13.935, 11.921
2014-11-16 16:12, 13.095, 0.000, 13.935, 11.921
2014-11-16 16:13, 13.095, 0.000, 13.935, 11.921
2014-11-16 16:14, 13.095, 0.000, 13.935, 11.921
2014-11-16 16:15, 13.095, 0.000, 13.935, 11.921
2014-11-16 16:16, 13.095, 0.000, 13.935, 11.921
2014-11-16 16:17, 13.095, 0.000, 13.935, 11.921
2014-11-16 16:18, 13.095, 0.000, 13.935, 11.921
2014-11-16 16:19, 13.095, 0.000, 13.935, 11.921
2014-11-16 16:20, 13.095, 0.000, 13.935, 11.921
2014-11-16 16:21, 13.095, 0.000, 13.935, 11.921
2014-11-16 16:22, 13.095, 0.000, 13.935, 11.921
2014-11-16 16:23, 13.095, 0.000, 13.935, 11.921
2014-11-16 16:24, 13.095, 0.000, 13.935, 11.921
2014-11-16 16:25, 13.095, 0.000, 13.935, 11.921
2014-11-16 16:26, 13.095, 0.000, 13.935, 11.921
2014-11-16 16:27, 13.095, 0.000, 13.935, 11.921
2014-11-16 16:28, 13.095, 0.000, 13.935, 11.921
2014-11-16 16:29, 13.095, 0.000, 13.935, 11.921
2014-11-16 16:30, 13.095, 0.000, 13.935, 11.921
2014-11-16 16:31, 13.078, 0.000, 13.935, 11.921
2014-11-16 16:32, 13.078, 0.000, 13.935, 11.921
2014-11-16 16:33, 13.078, 0.000, 13.935, 11.921
2014-11-16 16:34, 13.078, 0.000, 13.935, 11.921
2014-11-16 16:35, 13.078, 0.000, 13.935, 11.921
2014-11-16 16:36, 13.078, 0.000, 13.935, 11.921
2014-11-16 16:37, 13.078, 0.000, 13.935, 11.921
2014-11-16 16:38, 13.078, 0.000, 13.935, 11.904
2014-11-16 16:39, 13.078, 0.000, 13.935, 11.904
2014-11-16 16:40, 13.078, 0.000, 13.935, 11.904
2014-11-16 16:41, 13.078, 0.000, 13.935, 11.904
2014-11-16 16:42, 13.078, 0.000, 13.935, 11.904
2014-11-16 16:43, 13.078, 0.000, 13.935, 11.904
2014-11-16 16:44, 13.078, 0.000, 13.935, 11.904
2014-11-16 16:45, 13.078, 0.000, 13.935, 11.904
2014-11-16 16:46, 13.078, 0.000, 13.935, 11.904
2014-11-16 16:47, 13.078, 0.000, 13.935, 11.904
2014-11-16 16:48, 13.078, 0.000, 13.935, 11.904
2014-11-16 16:49, 13.078, 0.000, 13.935, 11.904
2014-11-16 16:50, 13.078, 0.000, 13.935, 11.904
2014-11-16 16:51, 13.078, 0.000, 13.935, 11.904
2014-11-16 16:52, 13.078, 0.000, 13.935, 11.904
2014-11-16 16:53, 13.078, 0.000, 13.935, 11.904
2014-11-16 16:54, 13.078, 0.000, 13.935, 11.904
2014-11-16 16:55, 13.078, 0.000, 13.935, 11.904
2014-11-16 16:56, 13.078, 0.000, 13.935, 11.904
2014-11-16 16:57, 13.078, 0.000, 13.935, 11.904
2014-11-16 16:58, 13.078, 0.000, 13.935, 11.904
2014-11-16 16:59, 13.078, 0.000, 13.935, 11.904
2014-11-16 17:00, 13.078, 0.000, 13.935, 11.904
2014-11-16 17:01, 13.078, 0.000, 13.935, 11.904
2014-11-16 17:02, 13.078, 0.000, 13.935, 11.904
2014-11-16 17:03, 13.078, 0.000, 13.935, 11.904
2014-11-16 17:04, 13.078, 0.000, 13.935, 11.904
2014-11-16 17:05, 13.078, 0.000, 13.935, 11.904
2014-11-16 17:06, 13.078, 0.000, 13.935, 11.904
2014-11-16 17:07, 13.078, 0.000, 13.935, 11.904
2014-11-16 17:08, 13.061, 0.000, 13.935, 11.904
2014-11-16 17:09, 13.061, 0.000, 13.935, 11.904
2014-11-16 17:10, 13.061, 0.000, 13.935, 11.904
2014-11-16 17:11, 13.061, 0.000, 13.935, 11.904
2014-11-16 17:12, 13.061, 0.000, 13.935, 11.904
2014-11-16 17:13, 13.061, 0.000, 13.935, 11.904
2014-11-16 17:14, 13.061, 0.000, 13.935, 11.904
2014-11-16 17:15, 13.061, 0.000, 13.935, 11.904
2014-11-16 17:16, 13.061, 0.000, 13.935, 11.904
2014-11-16 17:17, 13.061, 0.000, 13.935, 11.904
2014-11-16 17:18, 13.061, 0.000, 13.935, 11.904
2014-11-16 17:19, 13.061, 0.000, 13.935, 11.904
2014-11-16 17:20, 13.061, 0.000, 13.935, 11.904
2014-11-16 17:21, 13.061, 0.000, 13.935, 11.904
2014-11-16 17:22, 13.061, 0.000, 13.935, 11.904
2014-11-16 17:23, 13.061, 0.000, 13.935, 11.904
2014-11-16 17:24, 13.061, 0.000, 13.935, 11.904
2014-11-16 17:25, 13.061, 0.000, 13.935, 11.904
2014-11-16 17:26, 13.061, 0.000, 13.935, 11.904
2014-11-16 17:27, 13.061, 0.000, 13.935, 11.904
2014-11-16 17:28, 13.061, 0.000, 13.935, 11.904
2014-11-16 17:29, 13.061, 0.000, 13.935, 11.888
2014-11-16 17:30, 13.061, 0.000, 13.935, 11.888
2014-11-16 17:31, 13.061, 0.000, 13.935, 11.888
2014-11-16 17:32, 13.061, 0.000, 13.935, 11.888
2014-11-16 17:33, 13.061, 0.000, 13.935, 11.888
2014-11-16 17:34, 13.061, 0.000, 13.935, 11.888
2014-11-16 17:35, 13.061, 0.000, 13.935, 11.888
2014-11-16 17:36, 13.061, 0.000, 13.935, 11.888
2014-11-16 17:37, 13.061, 0.000, 13.935, 11.888
2014-11-16 17:38, 13.061, 0.000, 13.935, 11.888
2014-11-16 17:39, 13.061, 0.000, 13.935, 11.888
2014-11-16 17:40, 13.061, 0.000, 13.935, 11.888
2014-11-16 17:41, 13.061, 0.000, 13.935, 11.888
2014-11-16 17:42, 13.061, 0.000, 13.935, 11.888
2014-11-16 17:43, 13.061, 0.000, 13.935, 11.888
2014-11-16 17:44, 13.061, 0.000, 13.935, 11.888
2014-11-16 17:45, 13.061, 0.000, 13.935, 11.888
2014-11-16 17:46, 13.061, 0.000, 13.935, 11.888
2014-11-16 17:47, 13.061, 0.000, 13.935, 11.888
2014-11-16 17:48, 13.061, 0.000, 13.935, 11.888
2014-11-16 17:49, 13.061, 0.000, 13.935, 11.888
2014-11-16 17:50, 13.061, 0.000, 13.935, 11.888
2014-11-16 17:51, 13.061, 0.000, 13.935, 11.888
2014-11-16 17:52, 13.061, 0.000, 13.935, 11.888
2014-11-16 17:53, 13.061, 0.000, 13.935, 11.888
2014-11-16 17:54, 13.061, 0.000, 13.935, 11.888
2014-11-16 17:55, 13.061, 0.000, 13.935, 11.888
2014-11-16 17:56, 13.061, 0.000, 13.935, 11.888
2014-11-16 17:57, 13.044, 0.000, 13.935, 11.888
2014-11-16 17:58, 13.044, 0.000, 13.935, 11.888
2014-11-16 17:59, 13.044, 0.000, 13.935, 11.888
2014-11-16 18:00, 13.044, 0.000, 13.935, 11.888
2014-11-16 18:01, 13.044, 0.000, 13.935, 11.888
2014-11-16 18:02, 13.044, 0.000, 13.935, 11.888
2014-11-16 18:03, 13.044, 0.000, 13.935, 11.888
2014-11-16 18:04, 13.044, 0.000, 13.935, 11.888
2014-11-16 18:05, 13.044, 0.000, 13.935, 11.888
2014-11-16 18:06, 13.044, 0.000, 13.935, 11.888
2014-11-16 18:07, 13.044, 0.000, 13.935, 11.888
2014-11-16 18:08, 13.044, 0.000, 13.935, 11.888
2014-11-16 18:09, 13.044, 0.000, 13.935, 11.888
2014-11-16 18:10, 13.044, 0.000, 13.935, 11.888
2014-11-16 18:11, 13.044, 0.000, 13.935, 11.888
2014-11-16 18:12, 13.044, 0.000, 13.935, 11.888
2014-11-16 18:13, 13.044, 0.000, 13.935, 11.888
2014-11-16 18:14, 13.044, 0.000, 13.935, 11.888
2014-11-16 18:15, 13.044, 0.000, 13.935, 11.888
2014-11-16 18:16, 13.044, 0.000, 13.935, 11.888
2014-11-16 18:17, 13.044, 0.000, 13.935, 11.888
2014-11-16 18:18, 13.044, 0.000, 13.935, 11.888
2014-11-16 18:19, 13.044, 0.000, 13.935, 11.888
2014-11-16 18:20, 13.044, 0.000, 13.935, 11.888
2014-11-16 18:21, 13.044, 0.000, 13.935, 11.888
2014-11-16 18:22, 13.044, 0.000, 13.935, 11.888
2014-11-16 18:23, 13.044, 0.000, 13.935, 11.888
2014-11-16 18:24, 13.044, 0.000, 13.935, 11.888
2014-11-16 18:25, 13.044, 0.000, 13.935, 11.888
2014-11-16 18:26, 13.044, 0.000, 13.935, 11.888
2014-11-16 18:27, 13.044, 0.000, 13.935, 11.888
2014-11-16 18:28, 13.044, 0.000, 13.935, 11.888
2014-11-16 18:29, 13.044, 0.000, 13.935, 11.888
2014-11-16 18:30, 13.044, 0.000, 13.935, 11.888
2014-11-16 18:31, 13.044, 0.000, 13.935, 11.888
2014-11-16 18:32, 13.044, 0.000, 13.935, 11.888
2014-11-16 18:33, 13.044, 0.000, 13.935, 11.888
2014-11-16 18:34, 13.044, 0.000, 13.935, 11.888
2014-11-16 18:35, 13.044, 0.000, 13.935, 11.888
2014-11-16 18:36, 13.044, 0.000, 13.935, 11.888
2014-11-16 18:37, 13.044, 0.000, 13.935, 11.888
2014-11-16 18:38, 13.044, 0.000, 13.935, 11.888
2014-11-16 18:39, 13.044, 0.000, 13.935, 11.888
2014-11-16 18:40, 13.044, 0.000, 13.935, 11.888
2014-11-16 18:41, 13.044, 0.000, 13.935, 11.888
2014-11-16 18:42, 13.044, 0.000, 13.935, 11.888
2014-11-16 18:43, 13.044, 0.000, 13.935, 11.888
2014-11-16 18:44, 13.044, 0.000, 13.935, 11.888
2014-11-16 18:45, 13.044, 0.000, 13.935, 11.888
2014-11-16 18:46, 13.044, 0.000, 13.935, 11.888
2014-11-16 18:47, 13.044, 0.000, 13.935, 11.888
2014-11-16 18:48, 13.044, 0.000, 13.935, 11.888
2014-11-16 18:49, 13.044, 0.000, 13.935, 11.888
2014-11-16 18:50, 13.044, 0.000, 13.935, 11.888
2014-11-16 18:51, 13.044, 0.000, 13.935, 11.888
2014-11-16 18:52, 13.044, 0.000, 13.935, 11.888
2014-11-16 18:53, 13.044, 0.000, 13.935, 11.888
2014-11-16 18:54, 13.044, 0.000, 13.935, 11.888
2014-11-16 18:55, 13.044, 0.000, 13.935, 11.888
2014-11-16 18:56, 13.044, 0.000, 13.935, 11.888
2014-11-16 18:57, 13.044, 0.000, 13.935, 11.888
2014-11-16 18:58, 13.044, 0.000, 13.935, 11.888
2014-11-16 18:59, 13.044, 0.000, 13.935, 11.871
2014-11-16 19:00, 13.044, 0.000, 13.935, 11.871
2014-11-16 19:01, 13.044, 0.000, 13.935, 11.871
2014-11-16 19:02, 13.044, 0.000, 13.935, 11.871
2014-11-16 19:03, 13.044, 0.000, 13.935, 11.871
2014-11-16 19:04, 13.044, 0.000, 13.935, 11.871
2014-11-16 19:05, 13.044, 0.000, 13.935, 11.871
2014-11-16 19:06, 13.044, 0.000, 13.935, 11.871
2014-11-16 19:07, 13.044, 0.000, 13.935, 11.871
2014-11-16 19:08, 13.044, 0.000, 13.935, 11.871
2014-11-16 19:09, 13.044, 0.000, 13.935, 11.871
2014-11-16 19:10, 13.044, 0.000, 13.935, 11.871
2014-11-16 19:11, 13.044, 0.000, 13.935, 11.871
2014-11-16 19:12, 13.044, 0.000, 13.935, 11.871
2014-11-16 19:13, 13.044, 0.000, 13.935, 11.871
2014-11-16 19:14, 13.044, 0.000, 13.935, 11.871
2014-11-16 19:15, 13.044, 0.000, 13.935, 11.871
2014-11-16 19:16, 13.044, 0.000, 13.935, 11.871
2014-11-16 19:17, 13.044, 0.000, 13.935, 11.871
2014-11-16 19:18, 13.044, 0.000, 13.935, 11.871
2014-11-16 19:19, 13.044, 0.000, 13.935, 11.871
2014-11-16 19:20, 13.044, 0.000, 13.935, 11.871
2014-11-16 19:21, 13.044, 0.000, 13.935, 11.871
2014-11-16 19:22, 13.028, 0.000, 13.935, 11.871
2014-11-16 19:23, 13.028, 0.000, 13.935, 11.871
2014-11-16 19:24, 13.028, 0.000, 13.935, 11.871
2014-11-16 19:25, 13.028, 0.000, 13.935, 11.871
2014-11-16 19:26, 13.028, 0.000, 13.935, 11.871
2014-11-16 19:27, 13.028, 0.000, 13.935, 11.871
2014-11-16 19:28, 13.028, 0.000, 13.935, 11.871
2014-11-16 19:29, 13.028, 0.000, 13.935, 11.871
2014-11-16 19:30, 13.028, 0.000, 13.935, 11.871
2014-11-16 19:31, 13.028, 0.000, 13.935, 11.871
2014-11-16 19:32, 13.028, 0.000, 13.935, 11.871
2014-11-16 19:33, 13.028, 0.000, 13.935, 11.871
2014-11-16 19:34, 13.028, 0.000, 13.935, 11.871
2014-11-16 19:35, 13.028, 0.000, 13.935, 11.871
2014-11-16 19:36, 13.028, 0.000, 13.935, 11.871
2014-11-16 19:37, 13.028, 0.000, 13.935, 11.871
2014-11-16 19:38, 13.028, 0.000, 13.935, 11.871
2014-11-16 19:39, 13.028, 0.000, 13.935, 11.871
2014-11-16 19:40, 13.028, 0.000, 13.935, 11.871
2014-11-16 19:41, 13.028, 0.000, 13.935, 11.871
2014-11-16 19:42, 13.028, 0.000, 13.935, 11.871
2014-11-16 19:43, 13.028, 0.000, 13.935, 11.871
2014-11-16 19:44, 13.028, 0.000, 13.935, 11.871
2014-11-16 19:45, 13.028, 0.000, 13.935, 11.871
2014-11-16 19:46, 13.028, 0.000, 13.935, 11.871
2014-11-16 19:47, 13.028, 0.000, 13.935, 11.871
2014-11-16 19:48, 13.028, 0.000, 13.935, 11.871
2014-11-16 19:49, 13.028, 0.000, 13.935, 11.871
2014-11-16 19:50, 13.028, 0.000, 13.935, 11.871
2014-11-16 19:51, 13.028, 0.000, 13.935, 11.871
2014-11-16 19:52, 13.028, 0.000, 13.935, 11.871
2014-11-16 19:53, 13.028, 0.000, 13.935, 11.871
2014-11-16 19:54, 13.028, 0.000, 13.935, 11.871
2014-11-16 19:55, 13.028, 0.000, 13.935, 11.871
2014-11-16 19:56, 13.028, 0.000, 13.935, 11.871
2014-11-16 19:57, 13.028, 0.000, 13.935, 11.871
2014-11-16 19:58, 13.028, 0.000, 13.935, 11.871
2014-11-16 19:59, 13.028, 0.000, 13.935, 11.871
2014-11-16 20:00, 13.028, 0.000, 13.935, 11.871
2014-11-16 20:01, 13.028, 0.000, 13.935, 11.871
2014-11-16 20:02, 13.028, 0.000, 13.935, 11.871
2014-11-16 20:03, 13.028, 0.000, 13.935, 11.871
2014-11-16 20:04, 13.028, 0.000, 13.935, 11.871
2014-11-16 20:05, 13.028, 0.000, 13.935, 11.871
2014-11-16 20:06, 13.028, 0.000, 13.935, 11.871
2014-11-16 20:07, 13.028, 0.000, 13.935, 11.871
2014-11-16 20:08, 13.028, 0.000, 13.935, 11.871
2014-11-16 20:09, 13.028, 0.000, 13.935, 11.871
2014-11-16 20:10, 13.028, 0.000, 13.935, 11.871
2014-11-16 20:11, 13.028, 0.000, 13.935, 11.871
2014-11-16 20:12, 13.028, 0.000, 13.935, 11.871
2014-11-16 20:13, 13.028, 0.000, 13.935, 11.871
2014-11-16 20:14, 13.028, 0.000, 13.935, 11.871
2014-11-16 20:15, 13.028, 0.000, 13.935, 11.871
2014-11-16 20:16, 13.028, 0.000, 13.935, 11.871
2014-11-16 20:17, 13.028, 0.000, 13.935, 11.871
2014-11-16 20:18, 13.028, 0.000, 13.935, 11.871
2014-11-16 20:19, 13.028, 0.000, 13.935, 11.871
2014-11-16 20:20, 13.028, 0.000, 13.935, 11.871
2014-11-16 20:21, 13.028, 0.000, 13.935, 11.871
2014-11-16 20:22, 13.028, 0.000, 13.935, 11.871
2014-11-16 20:23, 13.028, 0.000, 13.935, 11.871
2014-11-16 20:24, 13.028, 0.000, 13.935, 11.871
2014-11-16 20:25, 13.028, 0.000, 13.935, 11.871
2014-11-16 20:26, 13.028, 0.000, 13.935, 11.871
2014-11-16 20:27, 13.028, 0.000, 13.935, 11.871
2014-11-16 20:28, 13.028, 0.000, 13.935, 11.871
2014-11-16 20:29, 13.028, 0.000, 13.935, 11.871
2014-11-16 20:30, 13.028, 0.000, 13.935, 11.871
2014-11-16 20:31, 13.028, 0.000, 13.935, 11.871
2014-11-16 20:32, 13.028, 0.000, 13.935, 11.871
2014-11-16 20:33, 13.028, 0.000, 13.935, 11.871
2014-11-16 20:34, 13.028, 0.000, 13.935, 11.871
2014-11-16 20:35, 13.028, 0.000, 13.935, 11.871
2014-11-16 20:36, 13.028, 0.000, 13.935, 11.871
2014-11-16 20:37, 13.028, 0.000, 13.935, 11.871
2014-11-16 20:38, 13.028, 0.000, 13.935, 11.871
2014-11-16 20:39, 13.028, 0.000, 13.935, 11.871
2014-11-16 20:40, 13.028, 0.000, 13.935, 11.871
2014-11-16 20:41, 13.028, 0.000, 13.935, 11.871
2014-11-16 20:42, 13.028, 0.000, 13.935, 11.871
2014-11-16 20:43, 13.028, 0.000, 13.935, 11.871
2014-11-16 20:44, 13.028, 0.000, 13.935, 11.871
2014-11-16 20:45, 13.028, 0.000, 13.935, 11.871
2014-11-16 20:46, 13.028, 0.000, 13.935, 11.871
2014-11-16 20:47, 13.028, 0.000, 13.935, 11.871
2014-11-16 20:48, 13.028, 0.000, 13.935, 11.871
2014-11-16 20:49, 13.028, 0.000, 13.935, 11.871
2014-11-16 20:50, 13.028, 0.000, 13.935, 11.871
2014-11-16 20:51, 13.028, 0.000, 13.935, 11.871
2014-11-16 20:52, 13.028, 0.000, 13.935, 11.871
2014-11-16 20:53, 13.028, 0.000, 13.935, 11.871
2014-11-16 20:54, 13.028, 0.000, 13.935, 11.871
2014-11-16 20:55, 13.028, 0.000, 13.935, 11.871
2014-11-16 20:56, 13.028, 0.000, 13.935, 11.871
2014-11-16 20:57, 13.028, 0.000, 13.935, 11.871
2014-11-16 20:58, 13.028, 0.000, 13.935, 11.871
2014-11-16 20:59, 13.028, 0.000, 13.935, 11.871
2014-11-16 21:00, 13.028, 0.000, 13.935, 11.871
2014-11-16 21:01, 13.028, 0.000, 13.935, 11.871
2014-11-16 21:02, 13.028, 0.000, 13.935, 11.871
2014-11-16 21:03, 13.028, 0.000, 13.935, 11.871
2014-11-16 21:04, 13.028, 0.000, 13.935, 11.871
2014-11-16 21:05, 13.028, 0.000, 13.935, 11.871
2014-11-16 21:06, 13.028, 0.000, 13.935, 11.871
2014-11-16 21:07, 13.028, 0.000, 13.935, 11.871
2014-11-16 21:08, 13.028, 0.000, 13.935, 11.871
2014-11-16 21:09, 13.028, 0.000, 13.935, 11.871
2014-11-16 21:10, 13.028, 0.000, 13.935, 11.871
2014-11-16 21:11, 13.028, 0.000, 13.935, 11.871
2014-11-16 21:12, 13.028, 0.000, 13.935, 11.871
2014-11-16 21:13, 13.028, 0.000, 13.935, 11.871
2014-11-16 21:14, 13.028, 0.000, 13.935, 11.871
2014-11-16 21:15, 13.028, 0.000, 13.935, 11.871
2014-11-16 21:16, 13.028, 0.000, 13.935, 11.871
2014-11-16 21:17, 13.028, 0.000, 13.935, 11.854
2014-11-16 21:18, 13.028, 0.000, 13.935, 11.871
2014-11-16 21:19, 13.028, 0.000, 13.935, 11.854
2014-11-16 21:20, 13.028, 0.000, 13.935, 11.854
2014-11-16 21:21, 13.028, 0.000, 13.935, 11.871
2014-11-16 21:22, 13.028, 0.000, 13.935, 11.854
2014-11-16 21:23, 13.028, 0.000, 13.935, 11.854
2014-11-16 21:24, 13.028, 0.000, 13.935, 11.854
2014-11-16 21:25, 13.028, 0.000, 13.935, 11.854
2014-11-16 21:26, 13.028, 0.000, 13.935, 11.854
2014-11-16 21:27, 13.028, 0.000, 13.935, 11.854
2014-11-16 21:28, 13.028, 0.000, 13.935, 11.854
2014-11-16 21:29, 13.028, 0.000, 13.935, 11.854
2014-11-16 21:30, 13.028, 0.000, 13.935, 11.854
2014-11-16 21:31, 13.028, 0.000, 13.935, 11.854
2014-11-16 21:32, 13.028, 0.000, 13.935, 11.854
2014-11-16 21:33, 13.028, 0.000, 13.935, 11.854
2014-11-16 21:34, 13.028, 0.000, 13.935, 11.854
2014-11-16 21:35, 13.028, 0.000, 13.935, 11.854
2014-11-16 21:36, 13.028, 0.000, 13.935, 11.854
2014-11-16 21:37, 13.028, 0.000, 13.935, 11.854
2014-11-16 21:38, 13.028, 0.000, 13.935, 11.854
2014-11-16 21:39, 13.028, 0.000, 13.935, 11.854
2014-11-16 21:40, 13.028, 0.000, 13.935, 11.854
2014-11-16 21:41, 13.028, 0.000, 13.935, 11.854
2014-11-16 21:42, 13.028, 0.000, 13.935, 11.854
2014-11-16 21:43, 13.028, 0.000, 13.935, 11.854
2014-11-16 21:44, 13.028, 0.000, 13.935, 11.854
2014-11-16 21:45, 13.028, 0.000, 13.935, 11.854
2014-11-16 21:46, 13.028, 0.000, 13.935, 11.854
2014-11-16 21:47, 13.028, 0.000, 13.935, 11.854
2014-11-16 21:48, 13.028, 0.000, 13.935, 11.854
2014-11-16 21:49, 13.028, 0.000, 13.935, 11.854
2014-11-16 21:50, 13.011, 0.000, 13.935, 11.854
2014-11-16 21:51, 13.028, 0.000, 13.935, 11.854
2014-11-16 21:52, 13.011, 0.000, 13.935, 11.854
2014-11-16 21:53, 13.028, 0.000, 13.935, 11.854
2014-11-16 21:54, 13.011, 0.000, 13.935, 11.854
2014-11-16 21:55, 13.011, 0.000, 13.935, 11.854
2014-11-16 21:56, 13.011, 0.000, 13.935, 11.854
2014-11-16 21:57, 13.011, 0.000, 13.935, 11.854
2014-11-16 21:58, 13.011, 0.000, 13.935, 11.854
2014-11-16 21:59, 13.011, 0.000, 13.935, 11.854
2014-11-16 22:00, 13.011, 0.000, 13.935, 11.854
2014-11-16 22:01, 13.011, 0.000, 13.935, 11.854
2014-11-16 22:02, 13.011, 0.000, 13.935, 11.854
2014-11-16 22:03, 13.011, 0.000, 13.935, 11.854
2014-11-16 22:04, 13.011, 0.000, 13.935, 11.854
2014-11-16 22:05, 13.011, 0.000, 13.935, 11.854
2014-11-16 22:06, 13.011, 0.000, 13.935, 11.854
2014-11-16 22:07, 13.011, 0.000, 13.935, 11.854
2014-11-16 22:08, 13.011, 0.000, 13.935, 11.854
2014-11-16 22:09, 13.011, 0.000, 13.935, 11.854
2014-11-16 22:10, 13.011, 0.000, 13.935, 11.854
2014-11-16 22:11, 13.011, 0.000, 13.935, 11.854
2014-11-16 22:12, 13.011, 0.000, 13.935, 11.854
2014-11-16 22:13, 13.011, 0.000, 13.935, 11.854
2014-11-16 22:14, 13.011, 0.000, 13.935, 11.854
2014-11-16 22:15, 13.011, 0.000, 13.935, 11.854
2014-11-16 22:16, 13.011, 0.000, 13.935, 11.854
2014-11-16 22:17, 13.011, 0.000, 13.935, 11.854
2014-11-16 22:18, 13.011, 0.000, 13.935, 11.854
2014-11-16 22:19, 13.011, 0.000, 13.935, 11.854
2014-11-16 22:20, 13.011, 0.000, 13.935, 11.854
2014-11-16 22:21, 13.011, 0.000, 13.935, 11.854
2014-11-16 22:22, 13.011, 0.000, 13.935, 11.854
2014-11-16 22:23, 13.011, 0.000, 13.935, 11.854
2014-11-16 22:24, 13.011, 0.000, 13.935, 11.854
2014-11-16 22:25, 13.011, 0.000, 13.935, 11.854
2014-11-16 22:26, 13.011, 0.000, 13.935, 11.854
2014-11-16 22:27, 13.011, 0.000, 13.935, 11.854
2014-11-16 22:28, 13.011, 0.000, 13.935, 11.854
2014-11-16 22:29, 13.011, 0.000, 13.935, 11.854
2014-11-16 22:30, 13.011, 0.000, 13.935, 11.854
2014-11-16 22:31, 13.011, 0.000, 13.935, 11.854
2014-11-16 22:32, 13.011, 0.000, 13.935, 11.854
2014-11-16 22:33, 13.011, 0.000, 13.935, 11.854
2014-11-16 22:34, 13.011, 0.000, 13.935, 11.854
2014-11-16 22:35, 13.011, 0.000, 13.935, 11.854
2014-11-16 22:36, 13.011, 0.000, 13.935, 11.854
2014-11-16 22:37, 13.011, 0.000, 13.935, 11.854
2014-11-16 22:38, 13.011, 0.000, 13.935, 11.854
2014-11-16 22:39, 13.011, 0.000, 13.935, 11.854
2014-11-16 22:40, 13.011, 0.000, 13.935, 11.854
2014-11-16 22:41, 13.011, 0.000, 13.935, 11.854
2014-11-16 22:42, 13.011, 0.000, 13.935, 11.854
2014-11-16 22:43, 13.011, 0.000, 13.935, 11.854
2014-11-16 22:44, 13.011, 0.000, 13.935, 11.854
2014-11-16 22:45, 13.011, 0.000, 13.935, 11.854
2014-11-16 22:46, 13.011, 0.000, 13.935, 11.854
2014-11-16 22:47, 13.011, 0.000, 13.935, 11.854
2014-11-16 22:48, 13.011, 0.000, 13.935, 11.854
2014-11-16 22:49, 13.011, 0.000, 13.935, 11.854
2014-11-16 22:50, 13.011, 0.000, 13.935, 11.854
2014-11-16 22:51, 13.011, 0.000, 13.935, 11.854
2014-11-16 22:52, 13.011, 0.000, 13.935, 11.854
2014-11-16 22:53, 13.011, 0.000, 13.935, 11.854
2014-11-16 22:54, 13.011, 0.000, 13.935, 11.854
2014-11-16 22:55, 13.011, 0.000, 13.935, 11.854
2014-11-16 22:56, 13.011, 0.000, 13.935, 11.854
2014-11-16 22:57, 13.011, 0.000, 13.935, 11.854
2014-11-16 22:58, 13.011, 0.000, 13.935, 11.854
2014-11-16 22:59, 13.011, 0.000, 13.935, 11.854
2014-11-16 23:00, 13.011, 0.000, 13.935, 11.854
2014-11-16 23:01, 13.011, 0.000, 13.935, 11.854
2014-11-16 23:02, 13.011, 0.000, 13.935, 11.854
2014-11-16 23:03, 13.011, 0.000, 13.935, 11.854
2014-11-16 23:04, 13.011, 0.000, 13.935, 11.854
2014-11-16 23:05, 13.011, 0.000, 13.935, 11.854
2014-11-16 23:06, 13.011, 0.000, 13.935, 11.854
2014-11-16 23:07, 13.011, 0.000, 13.935, 11.854
2014-11-16 23:08, 13.011, 0.000, 13.935, 11.854
2014-11-16 23:09, 13.011, 0.000, 13.935, 11.854
2014-11-16 23:10, 13.011, 0.000, 13.935, 11.854
2014-11-16 23:11, 13.011, 0.000, 13.935, 11.854
2014-11-16 23:12, 13.011, 0.000, 13.935, 11.854
2014-11-16 23:13, 13.011, 0.000, 13.935, 11.854
2014-11-16 23:14, 13.011, 0.000, 13.935, 11.854
2014-11-16 23:15, 13.011, 0.000, 13.935, 11.854
2014-11-16 23:16, 13.011, 0.000, 13.935, 11.854
2014-11-16 23:17, 13.011, 0.000, 13.935, 11.854
2014-11-16 23:18, 13.011, 0.000, 13.935, 11.854
2014-11-16 23:19, 13.011, 0.000, 13.935, 11.854
2014-11-16 23:20, 13.011, 0.000, 13.935, 11.854
2014-11-16 23:21, 13.011, 0.000, 13.935, 11.854
2014-11-16 23:22, 13.011, 0.000, 13.935, 11.854
2014-11-16 23:23, 13.011, 0.000, 13.935, 11.854
2014-11-16 23:24, 13.011, 0.000, 13.935, 11.854
2014-11-16 23:25, 13.011, 0.000, 13.935, 11.854
2014-11-16 23:26, 13.011, 0.000, 13.935, 11.854
2014-11-16 23:27, 13.011, 0.000, 13.935, 11.854
2014-11-16 23:28, 13.011, 0.000, 13.935, 11.854
2014-11-16 23:29, 13.011, 0.000, 13.935, 11.854
2014-11-16 23:30, 13.011, 0.000, 13.935, 11.854
2014-11-16 23:31, 13.011, 0.000, 13.935, 11.854
2014-11-16 23:32, 13.011, 0.000, 13.935, 11.854
2014-11-16 23:33, 13.011, 0.000, 13.935, 11.854
2014-11-16 23:34, 13.011, 0.000, 13.935, 11.854
2014-11-16 23:35, 13.011, 0.000, 13.935, 11.854
2014-11-16 23:36, 13.011, 0.000, 13.935, 11.854
2014-11-16 23:37, 13.011, 0.000, 13.935, 11.854
2014-11-16 23:38, 13.011, 0.000, 13.935, 11.854
2014-11-16 23:39, 13.011, 0.000, 13.935, 11.854
2014-11-16 23:40, 13.011, 0.000, 13.935, 11.854
2014-11-16 23:41, 13.011, 0.000, 13.935, 11.854
2014-11-16 23:42, 13.011, 0.000, 13.935, 11.854
2014-11-16 23:43, 13.011, 0.000, 13.935, 11.854
2014-11-16 23:44, 13.011, 0.000, 13.935, 11.854
2014-11-16 23:45, 13.011, 0.000, 13.935, 11.854
2014-11-16 23:46, 13.011, 0.000, 13.935, 11.854
2014-11-16 23:47, 13.011, 0.000, 13.935, 11.854
2014-11-16 23:48, 13.011, 0.000, 13.935, 11.854
2014-11-16 23:49, 13.011, 0.000, 13.935, 11.854
2014-11-16 23:50, 13.011, 0.000, 13.935, 11.854
2014-11-16 23:51, 13.011, 0.000, 13.935, 11.854
2014-11-16 23:52, 13.011, 0.000, 13.935, 11.854
2014-11-16 23:53, 13.011, 0.000, 13.935, 11.854
2014-11-16 23:54, 13.011, 0.000, 13.935, 11.854
2014-11-16 23:55, 13.011, 0.000, 13.935, 11.854
2014-11-16 23:56, 13.011, 0.000, 13.935, 11.854
2014-11-16 23:57, 13.011, 0.000, 13.935, 11.854
2014-11-16 23:58, 13.011, 0.000, 13.935, 11.854
2014-11-16 23:59, 13.011, 0.000, 13.935, 11.854
